<?xml version="1.0"?>
<ModuleDefinition>
	<Module Name="ResourceEdit" Version="1.0">
		<Language>ResourceFiles</Language>
		<Extensions>.resX|.resources</Extensions>
		<Author>Mike Krueger</Author>
		<Copyright>GPL</Copyright>
		<Url>http://www.icsharpcode.net/OpenSource/SD</Url>
		<Description>This module enables SharpDevelop to view/edit Resource files.</Description>
		<FileFilter>Resource files|*.resources;*.resx</FileFilter>
	</Module>
	
	<DisplayModule  Assembly="ResourceEditor.dll" Class="DisplayInformation"/>
	
	<Icons>
		<FileIcon    Location="Icons.16x16.ResourceFileIcon.png" Extension=".resources"/>
		<FileIcon    Location="Icons.16x16.ResourceFileIcon.png" Extension=".resx"/>
	</Icons>
	
</ModuleDefinition>
