<?xml version="1.0"?>
<ModuleDefinition>
	<Module Name="HTMLDisplayModule" Version="1.0">
		<Language>HTML</Language>
		<Extensions>.htm|.html</Extensions>
		<Author>Mike Krueger</Author>
		<Copyright>GPL</Copyright>
		<Url>http://www.icsharpcode.net/OpenSource/SD</Url>
		<Description>This module enables SharpDevelop to view HTML files.</Description>
		<FileFilter>HTML files|*.html;*.htm</FileFilter>
	</Module>
	
	<DisplayModule  Assembly="htmldefinition.dll" Class="DisplayInformation"/>
	
</ModuleDefinition>
