<?xml version="1.0"?>
<ModuleDefinition>
	<Module Name="C#LanugageModule" Version="1.0">
		<Language>C#</Language>
		<Extensions>.cs</Extensions>
		<Author>Mike Krueger</Author>
		<Copyright>GPL</Copyright>
		<Url>http://www.icsharpcode.net/OpenSource/SD</Url>
		<Description>This module enables SharpDevelop to load and compile C# files/projects.</Description>
		<FileFilter>C# files|*.cs</FileFilter>
	</Module>
	
	<LanguageModule Assembly="CSharpLanguageModule.dll" Class="CSDefinition.LanguageInformation"/>
	<DisplayModule  Assembly="CSharpLanguageModule.dll" Class="CSDefinition.DisplayInformation"/>
	
	<Icons>
		<ProjectIcon Location="icons\CSharpProject.png"/>
		<FileIcon    Location="icons\C#FileIcon.png" Extension=".cs"/>
		<Icon        Location="icons\CSharpFile.png" Name="C#.File.CSFileIcon"/>
		<Icon        Location="icons\EmptyCSharpProject.png" Name="C#.Project.EmptyCSProjectIcon"/>
		
		<Icon        Location="icons\FullCSharpProject.png" Name="C#.Project.CSProjectIcon"/>
		<Icon        Location="icons\EmptyCSharpApplication.png" Name="C#.Project.CSWebProjectIcon"/>
		<Icon        Location="icons\CSharpWebService.png"       Name="C#.Project.CSWebServiceIcon"/>
		<Icon        Location="icons\ConsoleCSharpProject.png"   Name="C#.Project.ConsoleCSharpProject"/>
		<Icon        Location="icons\CSharpClassLibrary.png"     Name="C#.Project.CSharpClassLibrary"/>
		<Icon        Location="icons\CSharpCubeFileIcon.png"     Name="C#.Project.CSharpServiceFileIcon"/>
		<Icon        Location="icons\FullCSharpProject.png"      Name="C#.Project.FullCSharpProject"/>
		<Icon        Location="icons\ServiceCSharpProject.png"   Name="C#.Project.ServiceCSharpProject"/>
	</Icons>
</ModuleDefinition>
