<?xml version="1.0"?>
<ModuleDefinition>
        <Module Name="JavaLanugageModule" Version="1.0">
                <Language>JAVA</Language>
                <Extensions>.java</Extensions>
                <Author>Gary Gray</Author>
		<Copyright>GPL</Copyright>
                <Url>http://www.ceit.co.za</Url>
                <Description>This module enables SharpDevelop to load and compile Java files/projects.</Description>
                <FileFilter>Java files|*.java</FileFilter>
	</Module>
	
        <LanguageModule Assembly="JavaLanguageModule.dll" Class="JavaDefinition.LanguageInformation"/>
        <DisplayModule  Assembly="JavaLanguageModule.dll" Class="JavaDefinition.DisplayInformation"/>
	
	<Icons>
                <ProjectIcon Location="icons\JavaProject.png"/>
                <FileIcon    Location="icons\JavaFileIcon.png" Extension=".java"/>
                <Icon        Location="icons\JavaFile.png" Name="JAVA.File.JavaFileIcon"/>
                <Icon        Location="icons\EmptyJavaProject.png" Name="JAVA.Project.EmptyJavaProjectIcon"/>

                <Icon        Location="icons\FullJavaProject.png" Name="JAVA.Project.JavaProjectIcon"/>
                <Icon        Location="icons\EmptyJavaApplication.png" Name="JAVA.Project.JavaWebProjectIcon"/>
                <Icon        Location="icons\JavaWebService.png"       Name="JAVA.Project.JavaWebServiceIcon"/>
                <Icon        Location="icons\ConsoleJavaProject.png"   Name="JAVA.Project.ConsoleJavaProject"/>
                <Icon        Location="icons\JavaClassLibrary.png"     Name="JAVA.Project.JavaClassLibrary"/>
                <Icon        Location="icons\JavaCubeFileIcon.png"     Name="JAVA.Project.JavaServiceFileIcon"/>
                <Icon        Location="icons\FullJavaProject.png"      Name="JAVA.Project.FullJavaProject"/>
                <Icon        Location="icons\ServiceJavaProject.png"   Name="JAVA.Project.ServiceJavaProject"/>
	</Icons>
</ModuleDefinition>
