<?xml version="1.0"?>
<ModuleDefinition>
	<Module Name="ObjectBrowser" Version="1.0">
		<Language>Assemblies</Language>
		<Extensions>.exe|.dll</Extensions>
		<Author>Mike Krueger</Author>
		<Copyright>GPL</Copyright>
		<Url>http://www.icsharpcode.net/OpenSource/SD</Url>
		<Description>This module enables SharpDevelop to view .NET assemblies.</Description>
		<FileFilter>Assemblies|*.exe;*.dll</FileFilter>
	</Module>
	
	<DisplayModule  Assembly="objectbrowser.dll" Class="DisplayInformation"/>
	
	<Icons/>
	
</ModuleDefinition>
