﻿<?xml version="1.0"?>

<!-- syntaxdefinition for BAT 2000 by Mike Krueger -->

<SyntaxDefinition Name = "BAT" Extensions = ".bat" Indent = "False">

	<Environment DefaultColor = "Yellow" BackgroundColor = "Black"> 
		<HRuler       Color = "Green"/>
		<Selection    Color = "Purple"/>
		<Cursor       Color = "White"/>
		<Linenumbers  Color = "Gray" BackgroundColor = "Black"/>
		<InvalidLines Color = "Red"/>
		<EOLMarkers   Color = "DarkGray"/>
		<SpaceMarkers Color = "DarkGray"/>
		<TabMarkers   Color = "DarkGray"/>
		<CaretMarker  Color = "Yellow"/>
		<BookMarks    Color = "#FF408080"/>
		<FoldLine     Color = "#808080" BackgroundColor="Black"/>
		<FoldMarker   Color = "#808080" BackgroundColor="White"/>
	</Environment>
	
	<Digits Name = "Digits"   Bold = "False" Italic = "False" Color = "Yellow"/>
  
    <RuleSet IgnoreCase = "False">
  	<Delimeters> </Delimeters>
	</RuleSet>

</SyntaxDefinition>
