<?xml version="1.0"?>
<!-- syntaxdefinition for C 2000 by Andrea Paatz -->

<SyntaxDefinition Name = "C" Extensions = ".c|.h" Indent = "True">

	<Environment DefaultColor = "Black" BackgroundColor = "White"> 
		<HRuler       Color = "Blue"/>
		<Selection    Color = "LightBlue"/>
		<Cursor       Color = "DarkBlue"/>
		<Linenumbers  Color = "Black" BackgroundColor = "WhiteSmoke"/>
		<InvalidLines Color = "Red"/>
		<EOLMarkers   Color = "DarkCyan"/>
		<SpaceMarkers Color = "DarkCyan"/>
		<TabMarkers   Color = "DarkCyan"/>
		<CaretMarker  Color = "Yellow"/>
		<BookMarks    Color = "#408080"/>
		<FoldLine     Color = "#808080" BackgroundColor="Black"/>
		<FoldMarker   Color = "#808080" BackgroundColor="White"/>
	</Environment>
	
	
	<Properties>
		<Property Name = "indentOpen"  Value = "{" />
		<Property Name = "indentClose" Value = "}" />
	</Properties>
	
	<Digits   Name = "Digits" Bold = "False" Italic = "False" Color = "DarkBlue"/>
	
	<RuleSet IgnoreCase = "False">
  	<Delimeters>~!%^*()-+=|\#/{}[]:;"'&lt;&gt; , .?</Delimeters>
	
		<Span Name = "LINECOMMENT" Rule = "DocumentSet" Bold = "False" Italic = "True" Color = "SlateGray" StopAtEol = "True">
			<Begin>//</Begin>
		</Span>
		
		<Span Name = "BLOCKCOMMENT" Rule = "TestSet" Bold = "False" Italic = "True" Color = "SlateGray" StopAtEol = "False">
			<Begin>/*</Begin>
			<End>*/</End>
		</Span>
	  	
		<Span Name = "STRING" Bold = "False" Italic = "False" Color = "Magenta" StopAtEol = "True">
			<Begin>"</Begin>
			<End>"</End>
		</Span>
		
		<Span Name = "CHAR" Bold = "False" Italic = "False" Color = "Magenta" StopAtEol = "True">
			<Begin>'</Begin>
			<End>'</End>
		</Span>
		
		<Span Name = "PreprocessorDirectives" Bold="False" Italic="False" Color="Green" StopAtEol = "True">
			<Begin>#</Begin>
		</Span>
	  
		<MarkPrevious Bold = "True" Italic = "False" Color = "MidnightBlue">(</MarkPrevious>
		
		<KeyWords Name = "Punctuation" Bold = "False" Italic = "False" Color = "DarkGreen">
			<Key Word = "?" />
			<Key Word = "," />
			<Key Word = "." />
			<Key Word = ";" />
			<Key Word = "(" />
			<Key Word = ")" />
			<Key Word = "[" />
			<Key Word = "]" />
			<Key Word = "{" />
			<Key Word = "}" />
			<Key Word = "+" />
			<Key Word = "-" />
			<Key Word = "/" />
			<Key Word = "%" />
			<Key Word = "*" />
			<Key Word = "&lt;" />
			<Key Word = "&gt;" />
			<Key Word = "&amp;" />
			<Key Word = "^" />
			<Key Word = "=" />
			<Key Word = "!" />
			<Key Word = "~" />
			<Key Word = "|" />
	  	</KeyWords>
		
		<KeyWords Name = "KEYWORD1" Bold="True" Italic="False" Color="Blue">
			<Key Word = "auto" />
			<Key Word = "const" />
			<Key Word = "extern" />
			<Key Word = "register" />
			<Key Word = "static" />
			<Key Word = "volatile" />
			<Key Word = "break" />
			<Key Word = "case" />
			<Key Word = "continue" />
			<Key Word = "default" />
			<Key Word = "do" />
			<Key Word = "else" />
			<Key Word = "for" />
			<Key Word = "goto" />
			<Key Word = "if" />
			<Key Word = "return" />
			<Key Word = "sizeof" />
			<Key Word = "switch" />
			<Key Word = "while" />
		</KeyWords>
		<KeyWords Name = "KEYWORD2" Bold="False" Italic="False" Color="DarkCyan">
			<Key Word = "asm" />
			<Key Word = "asmlinkage" />
			<Key Word = "far" />
			<Key Word = "huge" />
			<Key Word = "inline" />
			<Key Word = "near" />
			<Key Word = "pascal" />
		</KeyWords>
		<KeyWords Name = "KEYWORD3" Bold="True" Italic="False" Color="Red">
			<Key Word = "char" />
			<Key Word = "double" />
			<Key Word = "enum" />
			<Key Word = "float" />
			<Key Word = "int" />
			<Key Word = "long" />
			<Key Word = "short" />
			<Key Word = "signed" />
			<Key Word = "struct" />
			<Key Word = "typedef" />
			<Key Word = "union" />
			<Key Word = "unsigned" />
			<Key Word = "void" />
		</KeyWords>
		<KeyWords Name = "LITERALS2" Bold="True" Italic="False" Color="Black">
			<Key Word = "true" />
			<Key Word = "false" />
			<Key Word = "NULL" />
		</KeyWords>
	</RuleSet>
</SyntaxDefinition>

