<?xml version="1.0"?>

<!-- syntaxdefinition for C# 2000 by Mike Krueger -->

<SyntaxDefinition Name = "C64C#" Extensions = ".???" Indent = "True">

	<Environment DefaultColor = "#97A0EF" BackgroundColor = "#3F3FDF"> 
		<HRuler       Color = "LightGreen"/>
		<Selection    Color = "Black"/>
		<Cursor       Color = "#97A0EF"/>
		<Linenumbers  Color = "#97A0EF" BackgroundColor = "#3F3FDF"/>
		<InvalidLines Color = "Red"/>
		<EOLMarkers   Color = "LightBlue"/>
		<SpaceMarkers Color = "LightBlue"/>
		<TabMarkers   Color = "LightBlue"/>
		<CaretMarker  Color = "DarkBlue"/>
		<BookMarks    Color = "#FF408080"/>
		<FoldLine     Color = "#97A0EF"/>
		<FoldMarker   Color = "#97A0EF" BackgroundColor="#3F3FDF"/>
	</Environment>
	
	
	<Properties>
		<Property Name = "indentOpen"  Value = "{" />
		<Property Name = "indentClose" Value = "}" />
	</Properties>
  
	<Digits   Name = "Digits" Bold = "False" Italic = "False" Color = "DarkBlue"/>
	
    
	<RuleSet IgnoreCase = "False">
  	<Delimeters>~!%^*()-+=|\#/{}[]:;"'&lt;&gt; , .?</Delimeters>
	  <Span Name = "PreprocessorDirectives" Bold="False" Italic="False" Color="LightGreen" StopAtEol = "True">
	  	<Begin>#</Begin>
	  </Span>
	  
	  <Span Name = "LINECOMMENT" Rule = "DocumentSet" Bold = "False" Italic = "True" Color = "LightGray" StopAtEol = "True">
		   <Begin>///</Begin>
	  </Span>
	  
	  <Span Name = "LINECOMMENT" Rule = "TestSet" Bold = "False" Italic = "True" Color = "LightGray" StopAtEol = "True">
		   <Begin>//@!/@</Begin>
	  </Span>
	  
		<Span Name = "BLOCKCOMMENT" Rule = "TestSet" Bold = "False" Italic = "True" Color = "LightGray" StopAtEol = "False">
			<Begin>/*</Begin>
			<End>*/</End>
		</Span>
	  	
		<Span Name = "STRING" Bold = "False" Italic = "False" Color = "Magenta" StopAtEol = "True">
			<Begin>"</Begin>
			<End>"</End>
		</Span>
		
		<Span Name = "MORELINEDSTRING" Bold = "False" Italic = "False" Color = "Magenta" StopAtEol = "False">
			<Begin>@@"</Begin>
			<End>"</End>
		</Span>
		
		<Span Name = "CHAR" Bold = "False" Italic = "False" Color = "Magenta" StopAtEol = "True">
			<Begin>'</Begin>
			<End>'</End>
		</Span>
		
		<MarkPrevious Bold = "True" Italic = "False" Color = "Yellow">(</MarkPrevious>
		
		<KeyWords Name = "Punctuation" Bold = "False" Italic = "False" Color = "LightCyan">
	    	<Key Word = ";" />
	    	<Key Word = "?" />
	    	<Key Word = "," />
	    	<Key Word = "." />
	    	<Key Word = "(" />
	    	<Key Word = ")" />
	    	<Key Word = "[" />
	    	<Key Word = "]" />
		    <Key Word = "{" />
		    <Key Word = "}" />
		    <Key Word = "+" />
		    <Key Word = "-" />
		    <Key Word = "/" />
		    <Key Word = "%" />
		    <Key Word = "*" />
		    <Key Word = "&lt;" />
		    <Key Word = "&gt;" />
		    <Key Word = "^" />
		    <Key Word = "!" />
		    <Key Word = "|" />
	  	</KeyWords>
	  
		<KeyWords Name = "AccessKeywords" Bold="True" Italic="False" Color="Black">
			<Key Word = "this" />
			<Key Word = "base" />
		</KeyWords>
		
		<KeyWords Name = "OperatorKeywords" Bold="True" Italic="False" Color="White">
			<Key Word = "as" />
			<Key Word = "is" />
			<Key Word = "new" />
			<Key Word = "sizeof" />
			<Key Word = "typeof" />
			<Key Word = "true" />
			<Key Word = "false" />
			<Key Word = "stackalloc" />
		</KeyWords>
	  
	
		<KeyWords Name = "SelectionStatements" Bold="True" Italic="False" Color="White">
			<Key Word = "else" />
			<Key Word = "if" />
			<Key Word = "switch" />
			<Key Word = "case" />
		</KeyWords>
	
		<KeyWords Name = "IterationStatements" Bold="True" Italic="False" Color="White">
			<Key Word = "do" />
			<Key Word = "for" />
			<Key Word = "foreach" />
			<Key Word = "in" />
			<Key Word = "while" />
		</KeyWords>
	
		<KeyWords Name = "JumpStatements" Bold="False" Italic="False" Color="White">
			<Key Word = "break" />
			<Key Word = "continue" />
			<Key Word = "default" />
			<Key Word = "goto" />
			<Key Word = "return" />
		</KeyWords>
	  
		<KeyWords Name = "ExceptionHandlingStatements" Bold="True" Italic="False" Color="White">
			<Key Word = "try" />
			<Key Word = "throw" />
			<Key Word = "catch" />
			<Key Word = "finally" />
		</KeyWords>
	  
		<KeyWords Name = "CheckedUncheckedStatements" Bold="True" Italic="False" Color="White">
			<Key Word = "checked" />
			<Key Word = "unchecked" />
		</KeyWords>
	
		<KeyWords Name = "UnsafeFixedStatements" Bold="False" Italic="False" Color="White">
			<Key Word = "fixed" />
			<Key Word = "unsafe" />
		</KeyWords>
	  
		<KeyWords Name = "PreprocessorDirectives" Bold="False" Italic="False" Color="Green">
			<Key Word = "#if" />
			<Key Word = "#else" />
		    <Key Word = "#elif" />
		    <Key Word = "#endif" />
		    <Key Word = "#define" />
		    <Key Word = "#undef" />
		    <Key Word = "#warning" />
		    <Key Word = "#error" />
		    <Key Word = "#line" />
		    <Key Word = "#region" />
		    <Key Word = "#endregion" />
	  	</KeyWords>
	  
		<KeyWords Name = "ValueTypes" Bold="True" Italic="False" Color="White">
		    <Key Word = "bool" />
		    <Key Word = "byte" />
		    <Key Word = "char" />
		    <Key Word = "decimal" />
		    <Key Word = "double" />
		    <Key Word = "enum" />
		    <Key Word = "float" />
		    <Key Word = "int" />
		    <Key Word = "long" />
		    <Key Word = "sbyte" />
		    <Key Word = "short" />
		    <Key Word = "struct" />
	    	<Key Word = "uint" />
		    <Key Word = "ushort" />
		    <Key Word = "ulong" />
	  	</KeyWords>
	  
	  	<KeyWords Name = "ReferenceTypes" Bold="False" Italic="False" Color="White">
		    <Key Word = "class" />
		    <Key Word = "interface" />
		    <Key Word = "delegate" />
		    <Key Word = "object" />
		    <Key Word = "string" />
	  	</KeyWords>
	  
	  	<KeyWords Name = "Void" Bold="False" Italic="False" Color="White">
		    <Key Word = "void" />
	  	</KeyWords>
	  
	  	<KeyWords Name = "ConversionKeyWords" Bold="True" Italic="False" Color="White">
		    <Key Word = "explicit" />
		    <Key Word = "implicit" />
		    <Key Word = "operator" />
	  	</KeyWords>
	  
		<KeyWords Name = "MethodParameters" Bold="True" Italic="False" Color="White">
		    <Key Word = "params" />
		    <Key Word = "ref" />
		    <Key Word = "out" />
	  	</KeyWords>
	  
	  	<KeyWords Name = "Modifiers" Bold="False" Italic="False" Color="White">
		    <Key Word = "abstract" />
		    <Key Word = "const" />
		    <Key Word = "event" />
		    <Key Word = "extern" />
		    <Key Word = "override" />
		    <Key Word = "readonly" />
		    <Key Word = "sealed" />
		    <Key Word = "static" />
		    <Key Word = "virtual" />
	  	</KeyWords>
	  
	  	<KeyWords Name = "AccessModifiers" Bold="True" Italic="False" Color="White">
		    <Key Word = "public" />
			<Key Word = "protected" />
	    	<Key Word = "private" />
	    	<Key Word = "internal" />
	  	</KeyWords>
	  
		<KeyWords Name = "NameSpaces" Bold="True" Italic="False" Color="White">
		    <Key Word = "namespace" />
		    <Key Word = "using" />
		</KeyWords>
	  
		<KeyWords Name = "LockKeyWord" Bold="False" Italic="False" Color="White">
		    <Key Word = "lock" />
	  	</KeyWords>
	  
		<KeyWords Name = "GetSet" Bold="False" Italic="False" Color="White">
		    <Key Word = "get" />
		    <Key Word = "set" />
		</KeyWords>
	  
		<KeyWords Name = "Literals" Bold="True" Italic="False" Color="White">
		    <Key Word = "null" />
		    <Key Word = "value" />
		</KeyWords>
	</RuleSet>
	
	<RuleSet Name = "TestSet" IgnoreCase = "True">
	     <Delimeters>~!@%^*()-+=|\#/{}[]:;"'&lt;&gt; , .?</Delimeters>
	 	<KeyWords Name = "Testword" Bold="True" Italic="True" Color="Red">
			    <Key Word = "TODO" />
 	 	</KeyWords>
	</RuleSet>
	
	<RuleSet Name = "DocumentSet" IgnoreCase = "False">
	  	<Delimeters>~!@%^*()-+=|\#/{}[]:;"'&lt;&gt; , .?</Delimeters>
		
		<Span Name = "XMLTAG" Rule = "XMLDocuSet" Bold = "False" Italic = "True" Color = "Gray" StopAtEol = "True">
			<Begin>&lt;</Begin>
			<End>&gt;</End>
		</Span>
		
		<KeyWords Name = "Testword" Bold="True" Italic="True" Color="Red">
			    <Key Word = "TODO" />
		</KeyWords>
	</RuleSet>
	
	<RuleSet Name = "XMLDocuSet" IgnoreCase = "False">
	  	<Delimeters>~!@%^*()-+=|\#/{}[]:;"'&lt;&gt; , .?</Delimeters>
  	    
		<Span Name = "STRING" Bold = "True" Italic = "True" Color = "Silver" StopAtEol = "True">
			<Begin>"</Begin>
			<End>"</End>
		</Span>
  	   
		
		<KeyWords Name = "Punctuation" Bold = "True" Italic = "True" Color = "Gray">
	    	<Key Word = "/" />
	    	<Key Word = "|" />
	    	<Key Word = "=" />
	  	</KeyWords>
	  	
	 	<KeyWords Name = "SpecialComment" Bold="True" Italic="True" Color="Gray">
			    <Key Word = "c" />
			    <Key Word = "code" />
			    <Key Word = "example" />
			    <Key Word = "list" />
			    <Key Word = "para" />
			    <Key Word = "param" />
			    <Key Word = "paramref" />
			    <Key Word = "permission" />
			    <Key Word = "remarks" />
			    <Key Word = "returns" />
			    <Key Word = "see" />
			    <Key Word = "seealso" />
			    <Key Word = "summary" />
			    <Key Word = "value" />
			    <Key Word = "type" />
			    <Key Word = "name" />
			    <Key Word = "cref" />
			    <Key Word = "item" />
			    <Key Word = "term" />
			    <Key Word = "description" />
			    <Key Word = "listheader" />
 	 	</KeyWords>
	</RuleSet>

</SyntaxDefinition>
