<?xml version="1.0"?>

<!-- syntaxdefinition for XML 2000 by Mike Krueger -->

<SyntaxDefinition Name = "Default" Extensions = "*" Indent = "False">
	
	<Environment DefaultColor = "Black" BackgroundColor = "White"> 
		<HRuler       Color = "Blue"/>
		<Selection    Color = "LightBlue"/>
		<Cursor       Color = "DarkBlue"/>
		<Linenumbers  Color = "Black" BackgroundColor = "WhiteSmoke"/>
		<InvalidLines Color = "Red"/>
		<EOLMarkers   Color = "DarkCyan"/>
		<SpaceMarkers Color = "DarkCyan"/>
		<TabMarkers   Color = "DarkCyan"/>
		<CaretMarker  Color = "Yellow"/>
		<BookMarks    Color = "#FF408080"/>
		<FoldLine     Color = "#808080" BackgroundColor="Black"/>
		<FoldMarker   Color = "#808080" BackgroundColor="White"/>
	</Environment>
	
	<Digits Name = "Digits"   Bold = "False" Italic = "False" Color = "Black"/>
	
	<RuleSet IgnoreCase = "False">
  	<Delimeters>~!@%^*()-+=|\#/{}[]:;"'&lt;&gt; , .?</Delimeters>
	</RuleSet>
</SyntaxDefinition>
