﻿<?xml version="1.0"?>

<!-- syntaxdefinition for HTML 2000 by Mike Krueger -->

<SyntaxDefinition Name = "HTML" Extensions = ".htm|.html" Indent = "False">

	<Environment DefaultColor = "Black" BackgroundColor = "White"> 
		<HRuler       Color = "Blue"/>
		<Selection    Color = "LightBlue"/>
		<Cursor       Color = "DarkBlue"/>
		<Linenumbers  Color = "Black" BackgroundColor = "WhiteSmoke"/>
		<InvalidLines Color = "Red"/>
		<EOLMarkers   Color = "DarkCyan"/>
		<SpaceMarkers Color = "DarkCyan"/>
		<TabMarkers   Color = "DarkCyan"/>
		<CaretMarker  Color = "Yellow"/>
		<BookMarks    Color = "#FF408080"/>
		<FoldLine     Color = "#808080" BackgroundColor="Black"/>
		<FoldMarker   Color = "#808080" BackgroundColor="White"/>
	</Environment>
	
	
	<Digits   Name = "Digits"   Bold = "False" Italic = "False" Color = "DarkBlue"/>
  
	<RuleSet IgnoreCase = "TRUE">
	    <Delimeters>&lt;&gt;/="'%</Delimeters>
	
		<Span Name = "Comment" Bold = "False" Italic = "True" Color = "Gray" StopAtEol = "True">
			<Begin>&lt;!--</Begin>
			<End>--&gt;</End>
		</Span>
		
		<Span Name = "Comment" Bold = "False" Italic = "True" Color = "Gray" StopAtEol = "True">
			<Begin>&lt;%</Begin>
			<End>%&gt;</End>
		</Span>
		
		<Span Name = "STRING" Bold = "False" Italic = "False" Color = "Magenta" StopAtEol = "True">
			<Begin>"</Begin>
			<End>"</End>
		</Span>
		
		<Span Name = "CHAR" Bold = "False" Italic = "False" Color = "Magenta" StopAtEol = "True">
			<Begin>'</Begin>
			<End>'</End>
		</Span>

		<KeyWords Name = "Punctuation" Bold = "False" Italic = "False" Color = "Purple">
	    	<Key Word = "?" />
	    	<Key Word = "," />
	    	<Key Word = "." />
	    	<Key Word = "(" />
	    	<Key Word = ")" />
	    	<Key Word = "[" />
	    	<Key Word = "]" />
		    <Key Word = "{" />
		    <Key Word = "}" />
		    <Key Word = "+" />
		    <Key Word = "-" />
		    <Key Word = "*" />
		    <Key Word = "/" />
		    <Key Word = "%" />
		    <Key Word = "&gt;" />
	    	<Key Word = "&lt;" />
	    	<Key Word = "^" />
	    	<Key Word = "!" />
	    	<Key Word = "|" />
	    </KeyWords>

		<KeyWords Name = "Tags" Bold="False" Italic="False" Color="Blue">
		    <Key Word = "!DOCTYPE" />
		    <Key Word = "A" />
		    <Key Word = "ABBR" />
		    <Key Word = "ACRONYM" />
		    <Key Word = "ADDRESS" />
		    <Key Word = "APPLET" />
		    <Key Word = "AREA" />
		    <Key Word = "B" />
		    <Key Word = "BASE" />
		    <Key Word = "BASEFONT" />
		    <Key Word = "BGSOUND" />
		    <Key Word = "BDO" />
		    <Key Word = "BIG" />
		    <Key Word = "BLINK" />
		    <Key Word = "BLOCKQUOTE" />
		    <Key Word = "BODY" />
		    <Key Word = "BR" />
		    <Key Word = "BUTTON" />
		    <Key Word = "CAPTION" />
		    <Key Word = "CENTER" />
		    <Key Word = "CITE" />
		    <Key Word = "CODE" />
		    <Key Word = "COL" />
		    <Key Word = "COLGROUP" />
		    <Key Word = "COMMENT" />
		    <Key Word = "DD" />
		    <Key Word = "DEL" />
		    <Key Word = "DFN" />
		    <Key Word = "DIR" />
		    <Key Word = "DIV" />
		    <Key Word = "DL" />
		    <Key Word = "DT" />
		    <Key Word = "EM" />
		    <Key Word = "EMBED" />
		    <Key Word = "FIELDSET" />
		    <Key Word = "FONT" />
		    <Key Word = "FORM" />
		    <Key Word = "FRAME" />
		    <Key Word = "FRAMESET" />
		    <Key Word = "H" />
		    <Key Word = "H1" />
		    <Key Word = "H2" />
		    <Key Word = "H3" />
		    <Key Word = "H4" />
		    <Key Word = "H5" />
		    <Key Word = "H6" />
		    <Key Word = "HEAD" />
		    <Key Word = "HR" />
		    <Key Word = "HTA:APPLICATION" />
		    <Key Word = "HTML" />
		    <Key Word = "I" />
		    <Key Word = "IFRAME" />
		    <Key Word = "IMG" />
		    <Key Word = "INPUT" />
		    <Key Word = "INS" />
		    <Key Word = "ISINDEX" />
		    <Key Word = "KBD" />
		    <Key Word = "LABEL" />
		    <Key Word = "LEGEnd" />
		    <Key Word = "LI" />
		    <Key Word = "LINK" />
		    <Key Word = "LISTING" />
		    <Key Word = "MAP" />
		    <Key Word = "MARQUEE" />
		    <Key Word = "MENU" />
		    <Key Word = "META" />
		    <Key Word = "MULTICOL" />
		    <Key Word = "NEXTID" />
		    <Key Word = "NOBR" />
		    <Key Word = "NOFRAMES" />
		    <Key Word = "NOSCRIPT" />
		    <Key Word = "OBJECT" />
		    <Key Word = "OL" />
		    <Key Word = "OPTGROUP" />
		    <Key Word = "OPTION" />
		    <Key Word = "P" />
		    <Key Word = "PARAM" />
		    <Key Word = "PLAINTEXT" />
		    <Key Word = "PRE" />
		    <Key Word = "Q" />
		    <Key Word = "S" />
		    <Key Word = "SAMP" />
		    <Key Word = "SCRIPT" />
		    <Key Word = "SELECT" />
		    <Key Word = "SERVER" />
		    <Key Word = "SMALL" />
		    <Key Word = "SOUND" />
		    <Key Word = "SPACER" />
		    <Key Word = "Span" />
		    <Key Word = "STRONG" />
		    <Key Word = "STYLE" />
		    <Key Word = "SUB" />
		    <Key Word = "SUP" />
		    <Key Word = "TABLE" />
		    <Key Word = "TBODY" />
		    <Key Word = "TD" />
		    <Key Word = "TEXTAREA" />
		    <Key Word = "TEXTFLOW" />
		    <Key Word = "TFOOT" />
		    <Key Word = "TH" />
		    <Key Word = "THEAD" />
		    <Key Word = "TITLE" />
		    <Key Word = "TR" />
		    <Key Word = "TT" />
		    <Key Word = "U" />
		    <Key Word = "VAR" />
		    <Key Word = "WBR" />
		    <Key Word = "XMP" />
	</KeyWords>

	<KeyWords Name = "Attributes" Bold="False" Italic="False" Color="Red">
	    <Key Word = "abbr" />
	    <Key Word = "accept-charset" />
	    <Key Word = "accept" />
	    <Key Word = "accesskey" />
	    <Key Word = "action" />
	    <Key Word = "align" />
	    <Key Word = "alink" />
	    <Key Word = "alt" />
	    <Key Word = "applicationname" />
	    <Key Word = "archive" />
	    <Key Word = "axis" />
	    <Key Word = "background" />
	    <Key Word = "behavior" />
	    <Key Word = "bgcolor" />
	    <Key Word = "bgproperties" />
	    <Key Word = "border" />
	    <Key Word = "bordercolor" />
	    <Key Word = "bordercolordark" />
	    <Key Word = "bordercolorligh" />t
	    <Key Word = "borderstyle" />
	    <Key Word = "caption" />
	    <Key Word = "cellpadding" />
	    <Key Word = "cellspacing" />
	    <Key Word = "char" />
	    <Key Word = "charoff" />
	    <Key Word = "charset" />
	    <Key Word = "checked" />
	    <Key Word = "cite" />
	    <Key Word = "class" />
	    <Key Word = "classid" />
	    <Key Word = "clear" />
	    <Key Word = "code" />
	    <Key Word = "codetype" />
	    <Key Word = "color" />
	    <Key Word = "cols" />
	    <Key Word = "colspan" />
	    <Key Word = "compact" />
	    <Key Word = "content" />
	    <Key Word = "coords" />
	    <Key Word = "data" />
	    <Key Word = "datetime" />
	    <Key Word = "declare" />
	    <Key Word = "defer" />
	    <Key Word = "dir" />
	    <Key Word = "direction" />
	    <Key Word = "disabled" />
	    <Key Word = "dynsrc" />
	    <Key Word = "enctype" />
	    <Key Word = "face" />
	    <Key Word = "for" />
	    <Key Word = "frame" />
	    <Key Word = "frameborder" />
	    <Key Word = "framespacing" />
	    <Key Word = "gutter" />
	    <Key Word = "headers" />
	    <Key Word = "height" />
	    <Key Word = "href" />
	    <Key Word = "hreflang" />
	    <Key Word = "hspace" />
	    <Key Word = "http-equiv" />
	    <Key Word = "icon" />
	    <Key Word = "id" />
	    <Key Word = "ismap" />
	    <Key Word = "label" />
	    <Key Word = "language" />
	    <Key Word = "leftmargin" />
	    <Key Word = "link" />
	    <Key Word = "longdesc" />
	    <Key Word = "loop" />
	    <Key Word = "lowsrc" />
	    <Key Word = "marginheight" />
	    <Key Word = "marginwidth" />
	    <Key Word = "maximizebutton" />
	    <Key Word = "maxlength" />
	    <Key Word = "media" />
	    <Key Word = "method" />
	    <Key Word = "methods" />
	    <Key Word = "minimizebutton" />
	    <Key Word = "multiple" />
	    <Key Word = "name" />
	    <Key Word = "nohref" />
	    <Key Word = "noresize" />
	    <Key Word = "noshade" />
	    <Key Word = "nowrap" />
	    <Key Word = "object" />
	    <Key Word = "onabort" />
	    <Key Word = "onblur" />
	    <Key Word = "onchange" />
	    <Key Word = "onclick" />
	    <Key Word = "ondblclick" />
	    <Key Word = "onerror" />
	    <Key Word = "onfocus" />
	    <Key Word = "onkeydown" />
	    <Key Word = "onkeypress" />
	    <Key Word = "onkeyup" />
	    <Key Word = "onload" />
	    <Key Word = "onmousedown" />
	    <Key Word = "onmousemove" />
	    <Key Word = "onmouseout" />
	    <Key Word = "onmouseover" />
	    <Key Word = "onmouseup" />
	    <Key Word = "onreset" />
	    <Key Word = "onselect" />
	    <Key Word = "onsubmit" />
	    <Key Word = "onunload" />
	    <Key Word = "profile" />
	    <Key Word = "prompt" />
	    <Key Word = "readonly" />
	    <Key Word = "rel" />
	    <Key Word = "rev" />
	    <Key Word = "rows" />
	    <Key Word = "rowspan" />
	    <Key Word = "rules" />
	    <Key Word = "runat" />
	    <Key Word = "scheme" />
	    <Key Word = "scope" />
	    <Key Word = "scrollamount" />
	    <Key Word = "scrolldelay" />
	    <Key Word = "scrolling" />
	    <Key Word = "selected" />
	    <Key Word = "shape" />
	    <Key Word = "showintaskbar" />
	    <Key Word = "singleinstance" />
	    <Key Word = "size" />
	    <Key Word = "span" />
	    <Key Word = "src" />
	    <Key Word = "standby" />
	    <Key Word = "start" />
	    <Key Word = "style" />
	    <Key Word = "summary" />
	    <Key Word = "sysmenu" />
	    <Key Word = "tabindex" />
	    <Key Word = "target" />
	    <Key Word = "text" />
	    <Key Word = "title" />
	    <Key Word = "topmargin" />
	    <Key Word = "type" />
	    <Key Word = "urn" />
	    <Key Word = "usemap" />
	    <Key Word = "valign" />
	    <Key Word = "value" />
	    <Key Word = "valuetype" />
	    <Key Word = "version" />
	    <Key Word = "vlink" />
	    <Key Word = "vrml" />
	    <Key Word = "vspace" />
	    <Key Word = "width" />
	    <Key Word = "windowstate" />
	    <Key Word = "wrap" />
	</KeyWords>

	<KeyWords Name = "Special Characters" Bold="False" Italic="False" Color="Green">
	    <Key Word = "aacute" />
	    <Key Word = "agrave" />
	    <Key Word = "acirc" />
	    <Key Word = "amp" />
	    <Key Word = "atilde" />
	    <Key Word = "aring" />
	    <Key Word = "auml" />
	    <Key Word = "aelig" />
	    <Key Word = "ccedil" />
	    <Key Word = "copy" />
	    <Key Word = "eacute" />
	    <Key Word = "egrave" />
	    <Key Word = "ecirc" />
	    <Key Word = "euml" />
	    <Key Word = "iacute" />
	    <Key Word = "igrave" />
	    <Key Word = "icirc" />
	    <Key Word = "iuml" />
	    <Key Word = "eth" />
	    <Key Word = "gt" />
	    <Key Word = "lt" />
	    <Key Word = "nbsp" />
	    <Key Word = "ntilde" />
	    <Key Word = "oacute" />
	    <Key Word = "ograve" />
	    <Key Word = "ocirc" />
	    <Key Word = "otilde" />
	    <Key Word = "ouml" />
	    <Key Word = "oslash" />
	    <Key Word = "quot" />
	    <Key Word = "reg" />
	    <Key Word = "szlig" />
	    <Key Word = "uacute" />
	    <Key Word = "ugrave" />
	    <Key Word = "ucirc" />
	    <Key Word = "uuml" />
	    <Key Word = "yacute" />
	    <Key Word = "thorn" />
	    <Key Word = "trade" />
	    <Key Word = "yuml" />
	</KeyWords>
		
</RuleSet>
</SyntaxDefinition>
