﻿<?xml version="1.0"?>

<!-- Syntaxdefinition for VB.NET Beta Cycle, v0.1 Rev 1 by Christian Holm -->
<!-- compliant with SharpDevelop v0.65ST2 -->

<SyntaxDefinition Name = "VBNET" Extensions = ".vb|.aspx|.aspc" Indent = "False">

	<Environment DefaultColor = "Black" BackgroundColor = "White"> 
		<HRuler       Color = "Blue"/>
		<Selection    Color = "LightBlue"/>
		<Cursor       Color = "DarkBlue"/>
		<Linenumbers  Color = "Black" BackgroundColor = "WhiteSmoke"/>
		<InvalidLines Color = "Red"/>
		<EOLMarkers   Color = "DarkCyan"/>
		<SpaceMarkers Color = "DarkCyan"/>
		<TabMarkers   Color = "DarkCyan"/>
		<CaretMarker  Color = "Yellow"/>
		<BookMarks    Color = "#FF408080"/>
		<FoldLine     Color = "#808080" BackgroundColor="Black"/>
		<FoldMarker   Color = "#808080" BackgroundColor="White"/>
	</Environment>
	
	<Digits   Name = "Digits"   Bold = "False" Italic = "False" Color = "DarkBlue"/>
  
<RuleSet IgnoreCase = "TRUE">
    
    <Delimeters>~!@%^*()-+=|\#/{}[]:;"'&lt;&gt;,.?</Delimeters>
                
    <Span Name = "STRING" Bold = "False" Italic = "False" Color = "Magenta" StopAtEol = "True">
        <Begin>"</Begin>
        <End>"</End>
    </Span>
		
    <Span Name = "LINECOMMENT" Rule = "DocumentSet" Bold = "False" Italic = "True" Color = "SlateGray" StopAtEol = "True">
        <Begin>'</Begin>
    </Span>

    <Span Name = "LINECOMMENT" Rule = "DocumentSet" Bold = "False" Italic = "True" Color = "SlateGray" StopAtEol = "True">
        <Begin>REM</Begin>
    </Span>
    
<KeyWords Name = "PreProcessor" Bold="True" Italic="False" Color="Blue">
	    <Key Word = "#Const" />
        <Key Word = "#If" />
        <Key Word = "#ElseIf" /> 
        <Key Word = "#Else" />
        <Key Word = "#End If" />
        <Key Word = "#End" />
</KeyWords>

<KeyWords Name = "Objects" Bold="True" Italic="False" Color="Green">
        <Key Word = "Collection" />
        <Key Word = "Debug" />
        <Key Word = "Dictionary" />
        <Key Word = "Drive" />
        <Key Word = "Drives" />
        <Key Word = "Err" />
        <Key Word = "File" />
        <Key Word = "Files" />
        <Key Word = "FileSystemObject" />
        <Key Word = "Folder" />
        <Key Word = "Folders" />
        <Key Word = "TextStream" />
</KeyWords>

<KeyWords Name = "Common" Bold="True" Italic="False" Color="Blue">
        <Key Word = "Console" />
        <Key Word = "System" />
        <Key Word = "Microsoft" />
        <Key Word = "VisualBasic" />
        <Key Word = "Win32" />
        <Key Word = "Collections" />
        <Key Word = "Bases" />
        <Key Word = "CodeDOM" />
        <Key Word = "Compiler" />
        <Key Word = "ComponentModel" />
        <Key Word = "Design" />
        <Key Word = "CodeModel" />
        <Key Word = "Configuration" />
        <Key Word = "Assemblies" />
        <Key Word = "Install" />
        <Key Word = "Interceptors" />
        <Key Word = "Schema" />
        <Key Word = "Core" />
        <Key Word = "Data" />
        <Key Word = "ADO" />
        <Key Word = "Internal" />
        <Key Word = "SQL" />
        <Key Word = "SQLTypes" />
        <Key Word = "DOM" />
        <Key Word = "XPath" />
        <Key Word = "XSLT" />
        <Key Word = "Diagnostics" />
        <Key Word = "SymbolStore" />
        <Key Word = "DirectoryServices" />
        <Key Word = "Drawing" />
        <Key Word = "Drawing2D" />
        <Key Word = "Imaging" />
        <Key Word = "Printing" />
        <Key Word = "Globalization" />
        <Key Word = "IO" />
        <Key Word = "IsolatedStorage" />
        <Key Word = "Messaging" />
        <Key Word = "Net" />
        <Key Word = "NewXML" />
        <Key Word = "Xsl" />
        <Key Word = "Reflection" />
        <Key Word = "Emit" />
        <Key Word = "Resources" />
        <Key Word = "Runtime" />
        <Key Word = "InterOpServices" />
        <Key Word = "Expando" />
        <Key Word = "Remoting" />
        <Key Word = "Serialization" />
        <Key Word = "Formatters" />
        <Key Word = "Binary" />
        <Key Word = "Security" />
        <Key Word = "Cryptography" />
        <Key Word = "X509Certificates" />
        <Key Word = "Permissions" />
        <Key Word = "Policy" />
        <Key Word = "Principalv" />
        <Key Word = "ServiceProcess" />
        <Key Word = "Text" />
        <Key Word = "RegularExpressions" />
        <Key Word = "Threading" />
        <Key Word = "Timers" />
        <Key Word = "Web" />
        <Key Word = "Services" />
        <Key Word = "Description" />
        <Key Word = "Discovery" />
        <Key Word = "Protocols" />
        <Key Word = "UI" />
        <Key Word = "WebControls" />
        <Key Word = "ListControls" />
        <Key Word = "HtmlControls" />
        <Key Word = "WinForms" />
        <Key Word = "ComponentModel" />
        <Key Word = "Xml" />
        <Key Word = "Code" />
        <Key Word = "Schema" />
        <Key Word = "ElseIf" />
        <Key Word = "EndIf" />
        <Key Word = "Height" />
        <Key Word = "In" />
        <Key Word = "Return" />
        <Key Word = "Set" />
        <Key Word = "Shared" />
        <Key Word = "Type" />
        <Key Word = "TypeOf" />
        <Key Word = "Until" />"
        <Key Word = "While" />
</KeyWords>

<KeyWords Name = "DataTypes" Bold="True" Italic="False" Color="Red">
        <Key Word = "Byte" />
        <Key Word = "Boolean" />
        <Key Word = "Char" />
        <Key Word = "Short" />
        <Key Word = "Integer" />
        <Key Word = "Long" />
        <Key Word = "Decimal" />
        <Key Word = "Single" />
        <Key Word = "Double" />
        <Key Word = "Date" />
        <Key Word = "Object" />
        <Key Word = "String" />
        <Key Word = "Exception" />
</KeyWords>

<KeyWords Name = "Statements" Bold="True" Italic="False" Color="DarkBlue">
        <Key Word = "AppActivate" />
        <Key Word = "Beep" />
        <Key Word = "Call" />
        <Key Word = "ChDir" />
        <Key Word = "ChDrive" />
        <Key Word = "Class" />
        <Key Word = "Declare" />
        <Key Word = "Delegate" />
        <Key Word = "DeleteSetting" />
        <Key Word = "Dim" />
        <Key Word = "Do" />
        <Key Word = "Loop" />
        <Key Word = "End" />
        <Key Word = "Enum" />
        <Key Word = "Error" />
        <Key Word = "Event" />
        <Key Word = "Exit" />
        <Key Word = "Each" />
        <Key Word = "Function" />
        <Key Word = "Overloads" />
        <Key Word = "Overrides" />
        <Key Word = "CantOverride" />
        <Key Word = "MustOverride" />
        <Key Word = "Protected" />
        <Key Word = "Imports" />
        <Key Word = "Inherits" />
        <Key Word = "Interface" />
        <Key Word = "Kill" />
        <Key Word = "Lock" />
        <Key Word = "UnLock" />
        <Key Word = "Mid" />
        <Key Word = "MidB" />
        <Key Word = "Namespace" />
        <Key Word = "Open" />
        <Key Word = "Option" />
        <Key Word = "Compare" />
        <Key Word = "Explicit" />
        <Key Word = "Strict" />
        <Key Word = "Print" />
        <Key Word = "Private" />
        <Key Word = "Property" />
        <Key Word = "Public" />
        <Key Word = "Put" />
        <Key Word = "RaiseEvent" />
        <Key Word = "Randomize" />
        <Key Word = "ReDim" />
        <Key Word = "Rem" />
        <Key Word = "Reset" />
        <Key Word = "Resume" />
        <Key Word = "SaveSetting" />
        <Key Word = "Seek" />
        <Key Word = "Select" />
        <Key Word = "Case" />
        <Key Word = "SetAttr" />
        <Key Word = "Stop" />
        <Key Word = "Sub" />
        <Key Word = "SyncLock" />
        <Key Word = "TimeOfDay" />
        <Key Word = "Today" />
        <Key Word = "Try" />
        <Key Word = "Catch" />
        <Key Word = "Finally" />
        <Key Word = "Structure" />
        <Key Word = "Width" />
        <Key Word = "With" />
        <Key Word = "Write" />
</KeyWords>

<KeyWords Name = "Keywrds" Bold="True" Italic="False" Color="DarkGreen">
        <Key Word = "Addhandler" />
        <Key Word = "As" />
        <Key Word = "Assembly" />
        <Key Word = "Auto" />
        <Key Word = "BeginEpilogue" />
        <Key Word = "Binary" />
        <Key Word = "ByRef" />
        <Key Word = "ByVal" />
        <Key Word = "Const" />
        <Key Word = "Else" />
        <Key Word = "Empty" />
        <Key Word = "EndPrologue" />
        <Key Word = "Error" />
        <Key Word = "ExternalSource" />
        <Key Word = "False" />
        <Key Word = "For" />
        <Key Word = "Friend" />
        <Key Word = "Get" />
        <Key Word = "Handles" />
        <Key Word = "Input" />
        <Key Word = "Is" />
        <Key Word = "Len" />
        <Key Word = "Let" />
        <Key Word = "Lock" />
        <Key Word = "Me" />
        <Key Word = "Mid" />
        <Key Word = "Module" />
        <Key Word = "MustInherit" />
        <Key Word = "MyBase" />
        <Key Word = "MyClass" />
        <Key Word = "New" />
        <Key Word = "Next" />
        <Key Word = "Nothing" />
        <Key Word = "NotInheritable" />
        <Key Word = "NotOverridable" />
        <Key Word = "Null" />
        <Key Word = "Off" />
        <Key Word = "On" />
        <Key Word = "Option" />
        <Key Word = "Optional" />
        <Key Word = "Overridable" />
        <Key Word = "ParamArray" />
        <Key Word = "Print" />
        <Key Word = "Private" />
        <Key Word = "Property" />
        <Key Word = "Public" />
        <Key Word = "ReadOnly" />
        <Key Word = "Registry" />
        <Key Word = "RemoveHandler" />
        <Key Word = "Resume" />
        <Key Word = "Seek" />
        <Key Word = "Step" />
        <Key Word = "String" />
        <Key Word = "Then" />
        <Key Word = "Throw" />
        <Key Word = "Time" />
        <Key Word = "To" />
        <Key Word = "True" />
        <Key Word = "WithEvents" />
        <Key Word = "WriteOnly" />
</KeyWords>

<KeyWords Name = "Operators" Bold="True" Italic="False" Color="Blue">
        <Key Word = "AddressOf" />
        <Key Word = "And" />
        <Key Word = "BitAnd" />
        <Key Word = "BitNot" />
        <Key Word = "BitOr" />
        <Key Word = "BitXor" />
        <Key Word = "Is" />
        <Key Word = "Like" />
        <Key Word = "Mod" />
        <Key Word = "Not" />
        <Key Word = "Or" />
        <Key Word = "Xor" />
</KeyWords>

<KeyWords Name = "Functions" Bold="True" Italic="False" Color="Blue">
        <Key Word = "Abs" />
        <Key Word = "Array" />
        <Key Word = "Asc" />
        <Key Word = "AscB" />
        <Key Word = "AscW" />
        <Key Word = "Atn" />
        <Key Word = "CallByName" />
        <Key Word = "CBool" />
        <Key Word = "CByte" />
        <Key Word = "CChar" />
        <Key Word = "CChr" />
        <Key Word = "CDate" />
        <Key Word = "CDbl" />
        <Key Word = "CDec" />
        <Key Word = "Choose" />
        <Key Word = "Chr" />
        <Key Word = "Chr$" />
        <Key Word = "ChrB" />
        <Key Word = "ChrB$" />
        <Key Word = "ChrW" />
        <Key Word = "CInt" />
        <Key Word = "CLng" />
        <Key Word = "CLng8" />
        <Key Word = "Close" />
        <Key Word = "CObj" />
        <Key Word = "Command" />
        <Key Word = "Command$" />
        <Key Word = "Cos" />
        <Key Word = "CreateObject" />
        <Key Word = "CShort" />
        <Key Word = "CSng" />
        <Key Word = "CStr" />
        <Key Word = "CurDir" />
        <Key Word = "CType" />
        <Key Word = "CVDate" />
        <Key Word = "CVErr" />
        <Key Word = "DateAdd" />
        <Key Word = "DateDiff" />
        <Key Word = "DatePart" />
        <Key Word = "DateSerial" />
        <Key Word = "DateValue" />
        <Key Word = "Day" />
        <Key Word = "DDB" />
        <Key Word = "Dir" />
        <Key Word = "Dir$" />
        <Key Word = "EOF" />
        <Key Word = "Error" />
        <Key Word = "Error$" />
        <Key Word = "Exp" />
        <Key Word = "FileAttr" />
        <Key Word = "FileCopy" />
        <Key Word = "FileDateTime" />
        <Key Word = "FileLen" />
        <Key Word = "Filter" />
        <Key Word = "Fix" />
        <Key Word = "Format" />
        <Key Word = "Format$" />
        <Key Word = "FormatCurrency" />
        <Key Word = "FormatDateTime" />
        <Key Word = "FormatNumber" />
        <Key Word = "FormatPercent" />
        <Key Word = "FreeFile" />
        <Key Word = "FV" />
        <Key Word = "Get" />
        <Key Word = "GetAllSettings" />
        <Key Word = "GetAttr" />
        <Key Word = "GetObject" />
        <Key Word = "GetSetting" />
        <Key Word = "Hex" />
        <Key Word = "Hex$" />
        <Key Word = "Hour" />
        <Key Word = "If" />
        <Key Word = "IMEStatus" />
        <Key Word = "Input" />
        <Key Word = "Input$" />
        <Key Word = "InputB" />
        <Key Word = "InputB$" />
        <Key Word = "InputBox" />
        <Key Word = "InStr" />
        <Key Word = "InStrB" />
        <Key Word = "InstrRev" />
        <Key Word = "Int" />
        <Key Word = "IPmt" />
        <Key Word = "IRR" />
        <Key Word = "IsArray" />
        <Key Word = "IsDate" />
        <Key Word = "IsEmpty" />
        <Key Word = "IsError" />
        <Key Word = "IsNull" />
        <Key Word = "IsNumeric" />
        <Key Word = "IsObject" />
        <Key Word = "Join" />
        <Key Word = "LBound" />
        <Key Word = "LCase" />
        <Key Word = "LCase$" />
        <Key Word = "Left" />
        <Key Word = "Left$" />
        <Key Word = "LeftB" />
        <Key Word = "LeftB$" />
        <Key Word = "Len" />
        <Key Word = "LenB" />
        <Key Word = "LineInput" />
        <Key Word = "Loc" />
        <Key Word = "LOF" />
        <Key Word = "Log" />
        <Key Word = "LTrim" />
        <Key Word = "LTrim$" />
        <Key Word = "Mid" />
        <Key Word = "Mid$" />
        <Key Word = "MidB" />
        <Key Word = "MidB$" />
        <Key Word = "Minute" />
        <Key Word = "MIRR" />
        <Key Word = "MkDir" />
        <Key Word = "Month" />
        <Key Word = "MonthName" />
        <Key Word = "MsgBox" />
        <Key Word = "Now" />
        <Key Word = "NPer" />
        <Key Word = "NPV" />
        <Key Word = "Oct" />
        <Key Word = "Oct$" />
        <Key Word = "Partition" />
        <Key Word = "Pmt" />
        <Key Word = "PPmt" />
        <Key Word = "PV" />
        <Key Word = "Rate" />
        <Key Word = "Replace" />
        <Key Word = "Right" />
        <Key Word = "Right$" />
        <Key Word = "RightB" />
        <Key Word = "RightB$" />
        <Key Word = "RmDir" />
        <Key Word = "Rnd" />
        <Key Word = "RTrim" />
        <Key Word = "RTrim$" />
        <Key Word = "Second" />
        <Key Word = "Seek" />
        <Key Word = "Sgn" />
        <Key Word = "Shell" />
        <Key Word = "Sin" />
        <Key Word = "SLN" />
        <Key Word = "Space" />
        <Key Word = "Space$" />
        <Key Word = "Spc" />
        <Key Word = "Split" />
        <Key Word = "Sqr" />
        <Key Word = "Str" />
        <Key Word = "Str$" />
        <Key Word = "StrComp" />
        <Key Word = "StrConv" />
        <Key Word = "String$" />
        <Key Word = "StrReverse" />
        <Key Word = "Switch" />
        <Key Word = "SYD" />
        <Key Word = "Tab" />
        <Key Word = "Tan" />
        <Key Word = "TimeOfDay" />
        <Key Word = "Timer" />
        <Key Word = "TimeSerial" />
        <Key Word = "TimeValue" />
        <Key Word = "DateTime" />
        <Key Word = "Trim" />
        <Key Word = "Trim$" />
        <Key Word = "TypeName" />
        <Key Word = "UBound" />
        <Key Word = "UCase" />
        <Key Word = "UCase$" />
        <Key Word = "Val" />
        <Key Word = "Weekday" />
        <Key Word = "WeekdayName" />
        <Key Word = "Year" />
</KeyWords>

<KeyWords Name = "Constants" Bold="True" Italic="False" Color="Magenta">
        <Key Word = "Method" />
        <Key Word = "Black" />
        <Key Word = "Red" />
        <Key Word = "Green" />
        <Key Word = "Yellow" />
        <Key Word = "Blue" />
        <Key Word = "Magenta" />
        <Key Word = "Cyan" />
        <Key Word = "White" />
        <Key Word = "BinaryCompare" />
        <Key Word = "TextCompare" />
        <Key Word = "Win16" />
        <Key Word = "Win32" />
        <Key Word = "UseSystemDayOfWeek" />
        <Key Word = "Sunday" />
        <Key Word = "Monday" />
        <Key Word = "Tuesday" />
        <Key Word = "Wednesday" />
        <Key Word = "Thursday" />
        <Key Word = "Friday" />
        <Key Word = "Saturday" />
        <Key Word = "Jan1" />
        <Key Word = "FirstFourDays" />
        <Key Word = "FirstFullWeek" />
        <Key Word = "GeneralDate" />
        <Key Word = "LongDate" />
        <Key Word = "ShortDate" />
        <Key Word = "LongTime" />
        <Key Word = "ShortTime" />
        <Key Word = "Normal" />
        <Key Word = "ReadOnly" />
        <Key Word = "Hidden" />
        <Key Word = "Volume" />
        <Key Word = "Directory" />
        <Key Word = "Archive" />
        <Key Word = "KeyLButton" />
        <Key Word = "KeyRButton" />
        <Key Word = "KeyCancel" />
        <Key Word = "KeyMButton" />
        <Key Word = "KeyBack" />
        <Key Word = "KeyTab" />
        <Key Word = "KeyClear" />
        <Key Word = "KeyReturn" />
        <Key Word = "KeyShift" />
        <Key Word = "KeyControl" />
        <Key Word = "KeyMenu" />
        <Key Word = "KeyPause" />
        <Key Word = "KeyCapital" />
        <Key Word = "KeyEscape" />
        <Key Word = "KeySpace" />
        <Key Word = "KeyPageUp" />
        <Key Word = "KeyPageDown" />
        <Key Word = "KeyEnd" />
        <Key Word = "KeyHome" />
        <Key Word = "KeyLeft" />
        <Key Word = "KeyUp" />
        <Key Word = "KeyRight" />
        <Key Word = "KeyDown" />
        <Key Word = "KeySelect" />
        <Key Word = "KeyPrint" />
        <Key Word = "KeyExecute" />
        <Key Word = "KeySnapshot" />
        <Key Word = "KeyInsert" />
        <Key Word = "KeyDelete" />
        <Key Word = "KeyHelp" />
        <Key Word = "KeyNumlock" />
        <Key Word = "KeyA" />
        <Key Word = "KeyB" />
        <Key Word = "KeyC" />
        <Key Word = "KeyD" />
        <Key Word = "KeyE" />
        <Key Word = "KeyF" />
        <Key Word = "KeyG" />
        <Key Word = "KeyH" />
        <Key Word = "KeyI" />
        <Key Word = "KeyJ" />
        <Key Word = "KeyK" />
        <Key Word = "KeyL" />
        <Key Word = "KeyM" />
        <Key Word = "KeyN" />
        <Key Word = "KeyO" />
        <Key Word = "KeyP" />
        <Key Word = "KeyQ" />
        <Key Word = "KeyR" />
        <Key Word = "KeyS" />
        <Key Word = "KeyT" />
        <Key Word = "KeyU" />
        <Key Word = "KeyV" />
        <Key Word = "KeyW" />
        <Key Word = "KeyX" />
        <Key Word = "KeyY" />
        <Key Word = "KeyZ" />
        <Key Word = "Key0" />
        <Key Word = "Key1" />
        <Key Word = "Key2" />
        <Key Word = "Key3" />
        <Key Word = "Key4" />
        <Key Word = "Key5" />
        <Key Word = "Key6" />
        <Key Word = "Key7" />
        <Key Word = "Key8" />
        <Key Word = "Key9" />
        <Key Word = "KeyNumpad0" />
        <Key Word = "KeyNumpad1" />
        <Key Word = "KeyNumpad2" />
        <Key Word = "KeyNumpad3" />
        <Key Word = "KeyNumpad4" />
        <Key Word = "KeyNumpad5" />
        <Key Word = "KeyNumpad6" />
        <Key Word = "KeyNumpad7" />
        <Key Word = "KeyNumpad8" />
        <Key Word = "KeyNumpad9" />
        <Key Word = "KeyMultiply" />
        <Key Word = "KeyAdd" />
        <Key Word = "KeySeparator" />
        <Key Word = "KeySubtract" />
        <Key Word = "KeyDecimal" />
        <Key Word = "KeyDivide" />
        <Key Word = "KeyF1" />
        <Key Word = "KeyF2" />
        <Key Word = "KeyF3" />
        <Key Word = "KeyF4" />
        <Key Word = "KeyF5" />
        <Key Word = "KeyF6" />
        <Key Word = "KeyF7" />
        <Key Word = "KeyF8" />
        <Key Word = "KeyF9" />
        <Key Word = "KeyF10" />
        <Key Word = "KeyF11" />
        <Key Word = "KeyF12" />
        <Key Word = "KeyF13" />
        <Key Word = "KeyF14" />
        <Key Word = "KeyF15" />
        <Key Word = "KeyF16" />
        <Key Word = "CrLf" />
        <Key Word = "Cr" />
        <Key Word = "Lf" />
        <Key Word = "NewLine" />
        <Key Word = "NullChar" />
        <Key Word = "NullString" />
        <Key Word = "ObjectError" />
        <Key Word = "Tab" />
        <Key Word = "Back" />
        <Key Word = "FormFeed" />
        <Key Word = "VerticalTab" />
        <Key Word = "OKOnly" />
        <Key Word = "OKCancel" />
        <Key Word = "AbortRetryIgnore" />
        <Key Word = "YesNoCancel" />
        <Key Word = "YesNo" />
        <Key Word = "RetryCancel" />
        <Key Word = "Critical" />
        <Key Word = "Question" />
        <Key Word = "Exclamation" />
        <Key Word = "Information" />
        <Key Word = "DefaultButton1" />
        <Key Word = "DefaultButton2" />
        <Key Word = "DefaultButton3" />
        <Key Word = "ApplicationModal" />
        <Key Word = "SystemModal" />
        <Key Word = "MsgBoxSetForeground" />
        <Key Word = "MsgBoxRight" />
        <Key Word = "MsgBoxRtlReading" />
        <Key Word = "OK" />
        <Key Word = "Cancel" />
        <Key Word = "Abort" />
        <Key Word = "Retry" />
        <Key Word = "Ignore" />
        <Key Word = "Yes" />
        <Key Word = "No" />
        <Key Word = "Hide" />
        <Key Word = "NormalFocus" />
        <Key Word = "MinimizedFocus" />
        <Key Word = "MaximizedFocus" />
        <Key Word = "NormalNoFocus" />
        <Key Word = "MinimizedNoFocus" />
        <Key Word = "WindowsFolder" />
        <Key Word = "SystemFolder" />
        <Key Word = "TemporaryFolder" />
        <Key Word = "UpperCase" />
        <Key Word = "LowerCase" />
        <Key Word = "ProperCase" />
        <Key Word = "Wide" />
        <Key Word = "Narrow" />
        <Key Word = "Katakana" />
        <Key Word = "Hiragana" />
        <Key Word = "Unicode" />
        <Key Word = "FromUnicode" />
        <Key Word = "ScrollBars" />
        <Key Word = "Desktop" />
        <Key Word = "ActiveTitleBar" />
        <Key Word = "InactiveTitleBar" />
        <Key Word = "MenuBar" />
        <Key Word = "WindowBackground" />
        <Key Word = "WindowFrame" />
        <Key Word = "MenuText" />
        <Key Word = "WindowText" />
        <Key Word = "TitleBarText" />
        <Key Word = "ActiveBorder" />
        <Key Word = "InactiveBorder" />
        <Key Word = "ApplicationWorkspace" />
        <Key Word = "Highlight" />
        <Key Word = "HighlightText" />
        <Key Word = "ButtonFace" />
        <Key Word = "ButtonShadow" />
        <Key Word = "GrayText" />
        <Key Word = "ButtonText" />
        <Key Word = "InactiveCaptionText" />
        <Key Word = "3DHighlight" />
        <Key Word = "3DDKShadow" />
        <Key Word = "3DLight" />
        <Key Word = "InfoText" />
        <Key Word = "InfoBackground" />
        <Key Word = "True" />
        <Key Word = "False" />
        <Key Word = "Default" />
    </KeyWords>
    
</RuleSet>
</SyntaxDefinition>







