﻿<?xml version="1.0"?>

<!-- syntaxdefinition for XML 2000 by Mike Krueger -->

<SyntaxDefinition Name = "XML" Extensions = ".xml" Indent = "False">

	<Environment DefaultColor = "Black" BackgroundColor = "White"> 
		<HRuler       Color = "Blue"/>
		<Selection    Color = "LightBlue"/>
		<Cursor       Color = "DarkBlue"/>
		<Linenumbers  Color = "Black" BackgroundColor = "WhiteSmoke"/>
		<InvalidLines Color = "Red"/>
		<EOLMarkers   Color = "DarkCyan"/>
		<SpaceMarkers Color = "DarkCyan"/>
		<TabMarkers   Color = "DarkCyan"/>
		<CaretMarker  Color = "Yellow"/>
		<BookMarks    Color = "#FF408080"/>
		<FoldLine     Color = "#808080" BackgroundColor="Black"/>
		<FoldMarker   Color = "#808080" BackgroundColor="White"/>
	</Environment>
	
	<Digits   Name = "Digits"   Bold = "False" Italic = "False" Color = "DarkBlue"/>
  
	<RuleSet IgnoreCase = "TRUE">
   	<Delimeters>&lt;&gt;/="'%</Delimeters>
		
		<Span Name = "Comment" Bold = "False" Italic = "False" Color = "Green" StopAtEol = "True">
			<Begin>&lt;?</Begin>
			<End>?&gt;</End>
		</Span>
			
		<Span Name = "Comment" Bold = "False" Italic = "True" Color = "Gray" StopAtEol = "True">
			<Begin>&lt;!--</Begin>
			<End>--&gt;</End>
		</Span>

		<Span Name = "STRING" Bold = "False" Italic = "False" Color = "Magenta" StopAtEol = "True">
			<Begin>"</Begin>
			<End>"</End>
		</Span>
		
		<Span Name = "CHAR" Bold = "False" Italic = "False" Color = "Magenta" StopAtEol = "True">
			<Begin>'</Begin>
			<End>'</End>
		</Span>
		
		<KeyWords Name = "Punctuation" Bold = "False" Italic = "False" Color = "Red">
	    	<Key Word = "?" />
	    	<Key Word = "," />
	    	<Key Word = "." />
	    	<Key Word = "(" />
	    	<Key Word = ")" />
	    	<Key Word = "[" />
	    	<Key Word = "]" />
		    <Key Word = "{" />
		    <Key Word = "}" />
		    <Key Word = "+" />
		    <Key Word = "-" />
		    <Key Word = "*" />
		    <Key Word = "/" />
		    <Key Word = "%" />
		    <Key Word = "&lt;" />
	    	<Key Word = "&gt;" />
	    	<Key Word = "^" />
	    	<Key Word = "!" />
	    	<Key Word = "|" />
	    	<Key Word = "=" />
	    </KeyWords>


	<KeyWords Name = "Special Characters" Bold="False" Italic="False" Color="Blue">
	    <Key Word = "aacute" />
	    <Key Word = "agrave" />
	    <Key Word = "acirc" />
	    <Key Word = "amp" />
	    <Key Word = "atilde" />
	    <Key Word = "aring" />
	    <Key Word = "auml" />
	    <Key Word = "aelig" />
	    <Key Word = "ccedil" />
	    <Key Word = "copy" />
	    <Key Word = "eacute" />
	    <Key Word = "egrave" />
	    <Key Word = "ecirc" />
	    <Key Word = "euml" />
	    <Key Word = "iacute" />
	    <Key Word = "igrave" />
	    <Key Word = "icirc" />
	    <Key Word = "iuml" />
	    <Key Word = "eth" />
	    <Key Word = "gt" />
	    <Key Word = "lt" />
	    <Key Word = "nbsp" />
	    <Key Word = "ntilde" />
	    <Key Word = "oacute" />
	    <Key Word = "ograve" />
	    <Key Word = "ocirc" />
	    <Key Word = "otilde" />
	    <Key Word = "ouml" />
	    <Key Word = "oslash" />
	    <Key Word = "quot" />
	    <Key Word = "reg" />
	    <Key Word = "szlig" />
	    <Key Word = "uacute" />
	    <Key Word = "ugrave" />
	    <Key Word = "ucirc" />
	    <Key Word = "uuml" />
	    <Key Word = "yacute" />
	    <Key Word = "thorn" />
	    <Key Word = "trade" />
	    <Key Word = "yuml" />
	</KeyWords>
</RuleSet>
</SyntaxDefinition>
