<?xml version="1.0"?>
<ModuleDefinition>
        <Module Name="JScriptLanugageModule" Version="1.0">
                <Language>JSCRIPT</Language>
                <Extensions>.js</Extensions>
                <Author>Gary Gray</Author>
		<Copyright>GPL</Copyright>
                <Url>http://www.ceit.co.za</Url>
                <Description>This module enables SharpDevelop to load and compile Java Script files/projects.</Description>
                <FileFilter>JavaScript files|*.js</FileFilter>
	</Module>
	
        <LanguageModule Assembly="JScriptLanguageModule.dll" Class="JsDefinition.LanguageInformation"/>
        <DisplayModule  Assembly="JScriptLanguageModule.dll" Class="JsDefinition.DisplayInformation"/>
	
	<Icons>
                <ProjectIcon Location="icons\JavaScriptProject.png"/>
                <FileIcon    Location="icons\JavaScriptFileIcon.png" Extension=".js"/>
                <Icon        Location="icons\JScriptFile.png" 				Name="JS.File.JsFileIcon"/>
                <Icon        Location="icons\JScriptClassLibrary.png"    Name="JSCRIPT.Project.JsClassLibrary"/>
                <Icon        Location="icons\FullJScriptProject.png" 		Name="JSCRIPT.Project.JsProjectIcon"/>
                <Icon        Location="icons\ServiceJScriptProject.png"   	Name="JSCRIPT.Project.ServiceJsProject"/>
                <Icon        Location="icons\EmptyJScriptWebApplication.png" Name="JSCRIPT.Project.JsWebProjectIcon"/>
                <Icon        Location="icons\JScriptWebService.png"       	Name="JSCRIPT.Project.JsWebServiceIcon"/>
                <Icon        Location="icons\JavaScriptProject.png" 		Name="JSCRIPT.Project.EmptyJsProjectIcon"/>
                <Icon        Location="icons\JScriptCubeFileIcon.png"     	Name="JSCRIPT.Project.JsServiceFileIcon"/>
	</Icons>
</ModuleDefinition>
