﻿<?xml version="1.0"?>
<ModuleDefinition>
	<Module Name="VBLanugageModule" Version="1.0">
		<Language>VBNET</Language>
		<Extensions>.vb</Extensions>
		<Author>Mike Krueger</Author>
		<Copyright>GPL</Copyright>
		<Url>http://www.icsharpcode.net/OpenSource/SD</Url>
		<Description>This module enables SharpDevelop to load and compile VB files/projects.</Description>
		<FileFilter>VB files|*.vb</FileFilter>
	</Module>
	
	<LanguageModule Assembly="VBNetLanguageModule.dll" Class="VBDefinition.LanguageInformation"/>
	<Icons>
		<ProjectIcon Location="icons\VBProject.png"/>
		<FileIcon    Location="icons\VBFileIcon.png" Extension=".vb"/>
		
		<Icon        Location="icons\ConsoleVBProject.png"      Name="VB.Project.ConsoleVBProject"/>
		<Icon        Location="icons\EmptyVBProject.png"        Name="VB.Project.EmptyVBProject"/>
		<Icon        Location="icons\EmptyVBWebApplication.png" Name="VB.Project.VBWebProjectIcon"/>
		<Icon        Location="icons\FullVBProject.png"         Name="VB.Project.FullVBProject"/>
		<Icon        Location="icons\ServiceVBProject.png"   Name="VB.Project.ServiceVBProject"/>
		<Icon        Location="icons\VBClassLibrary.png"     Name="VB.Project.VBClassLibrary"/>
		<Icon        Location="icons\VBCubeFileIcon.png"     Name="VB.Project.VBServiceFileIcon"/>
		
		
		
		<Icon        Location="icons\VBFile.png" Name="VB.File.VBFile"/>
		
		<Icon        Location="icons\VBWebDocument.png" Name="VB.Project.VBWebDocument"/>
		
		<Icon        Location="icons\VBWebService.png"       Name="VB.Project.VBWebService"/>
	</Icons>
	
</ModuleDefinition>
