<?xml version="1.0"?>
<EDITACTIONS>
	<!-- TextArea Context Menu -->
	<CONTEXTMENU>
		<MENU NAME = "Cu&amp;t"   EVENT = "SharpDevelop.Actions.Menu.CutAction" />
		<MENU NAME = "&amp;Copy"  EVENT = "SharpDevelop.Actions.Menu.CopyAction" />
		<MENU NAME = "&amp;Paste" EVENT = "SharpDevelop.Actions.Menu.PasteAction" />
		<MENU NAME = "-" />
		<MENU NAME = "File mode"    ATTRIBUTE = "FileModes" />
		<MENU NAME = "-" />
		<MENU NAME = "BufferOptions" EVENT = "SharpDevelop.Actions.Menu.BufferOptions" />
	</CONTEXTMENU>
	
	<!-- Cursor Keys -->
	<ACTION EVENT = "CaretLeft"  KEYS = "Left"/>
	<ACTION EVENT = "CaretRight" KEYS = "Right"/>
	<ACTION EVENT = "CaretUp"    KEYS = "Up"/>
	<ACTION EVENT = "CaretDown"  KEYS = "Down"/>
	
	<ACTION EVENT = "ShiftCaretLeft"  KEYS = "Left|Shift"/>
	<ACTION EVENT = "ShiftCaretRight"  KEYS = "Right|Shift"/>
	<ACTION EVENT = "ShiftCaretUp"    KEYS = "Up|Shift"/>
	<ACTION EVENT = "ShiftCaretDown"  KEYS = "Down|Shift"/>
	
	<ACTION EVENT = "ScrollLineUp"  KEYS = "Up|Control"/>
	<ACTION EVENT = "ScrollLineDown"  KEYS = "Down|Control"/>
	
	<ACTION EVENT = "WordLeft"   KEYS = "Left|Control"/>
	<ACTION EVENT = "WordRight"  KEYS = "Right|Control"/>
	
	<!-- HomeEndKeys -->
	<ACTION EVENT = "Home"  KEYS = "Home"/>
	<ACTION EVENT = "End"   KEYS = "End"/>
	
	<ACTION EVENT = "ShiftHome"  KEYS = "Home|Shift"/>
	<ACTION EVENT = "ShiftEnd"   KEYS = "End|Shift"/>
	
	<ACTION EVENT = "MoveToStart"  KEYS = "Home|Control"/>
	<ACTION EVENT = "MoveToEnd"  KEYS = "End|Control"/>
	<ACTION EVENT = "ShiftMoveToStart"  KEYS = "Home|Control|Shift"/>
	<ACTION EVENT = "ShiftMoveToEnd"  KEYS = "End|Control|Shift"/>
	
	<!-- Misc Keys -->
	<ACTION EVENT = "ShiftWordLeft"   KEYS = "Left|Control|Shift"/>
	<ACTION EVENT = "ShiftWordRight"  KEYS = "Right|Control|Shift"/>
	
	<ACTION EVENT = "Tab"        KEYS = "Tab"/>
	<ACTION EVENT = "ShiftTab"   KEYS = "Tab|Shift"/>
	
	<ACTION EVENT = "Backspace"  KEYS = "Back"/>
	<ACTION EVENT = "Delete"     KEYS = "Delete"/>
	
	<ACTION EVENT = "Cut"        KEYS = "Delete|Shift"/>
	<ACTION EVENT = "Copy"       KEYS = "Insert|Control"/>
	<ACTION EVENT = "Paste"      KEYS = "Insert|Shift"/>
	
	<ACTION EVENT = "Undo"      KEYS = "Back|Alt"/>
	
	<ACTION EVENT = "ToggleEditMode"  KEYS = "Insert"/>
	<ACTION EVENT = "ToggleComment"   KEYS = "Divide|Control"/>
	
	<ACTION EVENT = "Return"  KEYS = "Return,Return|Shift,Return|Control"/>
	
	<ACTION EVENT = "MovePageUp"  KEYS = "PageUp"/>
	<ACTION EVENT = "MovePageDown"  KEYS = "PageDown"/>
	<ACTION EVENT = "ShiftMovePageUp"  KEYS = "PageUp|Shift"/>
	<ACTION EVENT = "ShiftMovePageDown"  KEYS = "PageDown|Shift"/>
	
	<ACTION EVENT = "TemplateCompletion"  KEYS = "J|Control"/>
	
	<ACTION EVENT = "ReloadBuffer"  KEYS = "U|Control"/>
	
	<ACTION EVENT = "Fold"  KEYS = "Q|Control"/>
	<ACTION EVENT = "UnFold"  KEYS = "W|Control"/>
		
</EDITACTIONS>
