<?xml version="1.0"?>
<MAINMENU>
        <MENU NAME = "@RES:XML.MainMenu.FileMenu@">
                <MENU NAME = "@RES:XML.MainMenu.FileMenu.New@">
                        <MENU NAME = "@RES:XML.MainMenu.FileMenu.New.File@" ICON = "NewDocumentIcon" DESCRIPTION = "@RES:XML.MainMenu.FileMenu.New.File.Description@" SHORTCUT = "CtrlN"  EVENT = "NewFile" />
                        <MENU NAME = "@RES:XML.MainMenu.FileMenu.New.Project@" ICON = "NewProjectIcon" DESCRIPTION = "@RES:XML.MainMenu.FileMenu.New.Project.Description@" SHORTCUT = "CtrlShiftN" EVENT = "NewProject" />
                </MENU>
                
                <MENU NAME = "@RES:XML.MainMenu.FileMenu.Open@">
                        <MENU NAME = "@RES:XML.MainMenu.FileMenu.Open.File@" ICON = "OpenFileIcon"  DESCRIPTION = "@RES:XML.MainMenu.FileMenu.Open.File.Description@" SHORTCUT = "CtrlO" EVENT = "OpenFile" />
                        <MENU NAME = "@RES:XML.MainMenu.FileMenu.Open.Project@" ICON = "OpenProjectIcon" DESCRIPTION = "@RES:XML.MainMenu.FileMenu.Open.Project.Description@" SHORTCUT = "CtrlShiftO" EVENT = "OpenProject" />
                </MENU>
                
                <MENU NAME = "@RES:XML.MainMenu.FileMenu.Close@">
                        <MENU NAME = "@RES:XML.MainMenu.FileMenu.Close.File@" DESCRIPTION = "@RES:XML.MainMenu.FileMenu.Close.File.Desription@" ACTIVE = "Window"  EVENT = "CloseFile" />
                        <MENU NAME = "@RES:XML.MainMenu.FileMenu.Close.Project@" DESCRIPTION = "@RES:XML.MainMenu.FileMenu.Close.Project.Desription@" ACTIVE = "Project" EVENT = "CloseProject" />
                </MENU>
                <MENU NAME = "-" />
                <MENU NAME = "@RES:XML.MainMenu.FileMenu.Save@" ICON = "SaveIcon" DESCRIPTION = "@RES:XML.MainMenu.FileMenu.Save.Description@" ACTIVE = "Window" SHORTCUT = "CtrlS" EVENT = "SaveFile" />
                <MENU NAME = "@RES:XML.MainMenu.FileMenu.SaveAs@" DESCRIPTION = "@RES:XML.MainMenu.FileMenu.SaveAs.Description@" ACTIVE = "Window" EVENT = "SaveFileAs" />
                <MENU NAME = "@RES:XML.MainMenu.FileMenu.SaveAll@" ICON = "SaveAllIcon" SHORTCUT = "CtrlShiftS" DESCRIPTION = "@RES:XML.MainMenu.FileMenu.SaveAll.Description@" ACTIVE = "Window" EVENT = "SaveAll" />
                <MENU NAME = "-" />
                <MENU NAME = "@RES:XML.MainMenu.FileMenu.Print@" ICON = "Print" DESCRIPTION = "@RES:XML.MainMenu.FileMenu.Print.Description@" SHORTCUT = "CtrlP" ACTIVE = "Buffer" EVENT = "Print"/>
                <MENU NAME = "@RES:XML.MainMenu.FileMenu.PrintPreview@" ICON = "PreView" DESCRIPTION = "@RES:XML.MainMenu.FileMenu.PrintPreview.Description@" ACTIVE = "Buffer" EVENT = "PrintPreview"/>
                <MENU NAME = "-" />
                <MENU NAME = "@RES:XML.MainMenu.FileMenu.RecentFiles@"    ATTRIBUTE = "LastFiles" />
                <MENU NAME = "@RES:XML.MainMenu.FileMenu.RecentProjects@" ATTRIBUTE = "LastProjects" />
                <MENU NAME = "-" />
                <MENU NAME = "@RES:XML.MainMenu.FileMenu.Exit@" ICON = "CancelIcon" DESCRIPTION = "@RES:XML.MainMenu.FileMenu.Exit.Description@" EVENT = "ExitProgram" />
        </MENU>
        
        <MENU NAME = "@RES:XML.MainMenu.EditMenu@">
                <MENU NAME = "@RES:XML.MainMenu.EditMenu.Undo@" ICON = "UndoIcon" DESCRIPTION = "@RES:XML.MainMenu.EditMenu.Undo.Description@" ACTIVE = "Buffer" SHORTCUT = "CtrlZ" EVENT = "UndoAction" />
                <MENU NAME = "@RES:XML.MainMenu.EditMenu.Redo@" ICON = "RedoIcon" DESCRIPTION = "@RES:XML.MainMenu.EditMenu.Redo.Description@" ACTIVE = "Buffer" SHORTCUT = "CtrlY" EVENT = "RedoAction" />
                <MENU NAME = "-" />
                <MENU NAME = "@RES:XML.MainMenu.EditMenu.Cut@" ICON = "CutIcon" DESCRIPTION = "@RES:XML.MainMenu.EditMenu.Cut.Description@" ACTIVE = "Buffer" SHORTCUT = "CtrlX" EVENT = "CutAction" />
                <MENU NAME = "@RES:XML.MainMenu.EditMenu.Copy@" ICON = "CopyIcon" DESCRIPTION = "@RES:XML.MainMenu.EditMenu.Copy.Description@" ACTIVE = "Buffer" SHORTCUT = "CtrlC" EVENT = "CopyAction" />
                <MENU NAME = "@RES:XML.MainMenu.EditMenu.Paste@" ICON = "PasteIcon"  DESCRIPTION = "@RES:XML.MainMenu.EditMenu.Paste.Description@" ACTIVE = "Buffer" SHORTCUT = "CtrlV" EVENT = "PasteAction" />
                <MENU NAME = "@RES:XML.MainMenu.EditMenu.Delete@" ICON = "DeleteIcon" DESCRIPTION = "@RES:XML.MainMenu.EditMenu.Delete.Description@" ACTIVE = "Buffer" EVENT = "DeleteAction" />
                <MENU NAME = "-" />
                <MENU NAME = "@RES:XML.MainMenu.EditMenu.FormatMenu@">
                        <MENU NAME = "@RES:XML.MainMenu.EditMenu.FormatMenu.RlWs@" DESCRIPTION = "@RES:XML.MainMenu.EditMenu.FormatMenu.RlWs.Description@" ACTIVE = "Buffer" EVENT = "RemoveLeadingWS" />
                        <MENU NAME = "@RES:XML.MainMenu.EditMenu.FormatMenu.RtWs@" DESCRIPTION = "@RES:XML.MainMenu.EditMenu.FormatMenu.RtWs.Description@" ACTIVE = "Buffer" EVENT = "RemoveTrailingWS" />
                        <MENU NAME = "-" />
                        <MENU NAME = "@RES:XML.MainMenu.EditMenu.FormatMenu.UpperCase@" ICON = "LowerToUpperCase" DESCRIPTION = "@RES:XML.MainMenu.EditMenu.FormatMenu.UpperCase.Description@" ACTIVE = "Buffer" EVENT = "ToUpperCase" />
                        <MENU NAME = "@RES:XML.MainMenu.EditMenu.FormatMenu.LowerCase@" ICON = "UpperToLowerCase" DESCRIPTION = "@RES:XML.MainMenu.EditMenu.FormatMenu.LowerCase.Description@" ACTIVE = "Buffer" EVENT = "ToLowerCase" />
                        <MENU NAME = "@RES:XML.MainMenu.EditMenu.FormatMenu.Capitalize@" DESCRIPTION = "@RES:XML.MainMenu.EditMenu.FormatMenu.Capitalize.Description@" ACTIVE = "Buffer" EVENT = "CapitalizeAction" />
                        <MENU NAME = "@RES:XML.MainMenu.EditMenu.FormatMenu.InvertCase@" DESCRIPTION = "@RES:XML.MainMenu.EditMenu.FormatMenu.InvertCase.Description@" ACTIVE = "Buffer" EVENT = "InvertCaseAction" />
                        <MENU NAME = "-" />
                        <MENU NAME = "@RES:XML.MainMenu.EditMenu.FormatMenu.Tab2Space@"   DESCRIPTION = "@RES:XML.MainMenu.EditMenu.FormatMenu.Tab2Space.Description@" ACTIVE = "Buffer" EVENT = "ConvertTabsToSpaces" />
                        <MENU NAME = "@RES:XML.MainMenu.EditMenu.FormatMenu.Space2Tab@"   DESCRIPTION = "@RES:XML.MainMenu.EditMenu.FormatMenu.Space2Tab.Description@" ACTIVE = "Buffer" EVENT = "ConvertSpacesToTabs" />
                        <MENU NAME = "@RES:XML.MainMenu.EditMenu.FormatMenu.LdTab2Space@"   DESCRIPTION = "@RES:XML.MainMenu.EditMenu.FormatMenu.LdTab2Space.Description@" ACTIVE = "Buffer" EVENT = "ConvertLeadingTabsToSpaces" />
                        <MENU NAME = "@RES:XML.MainMenu.EditMenu.FormatMenu.LdSpace2Tab@"   DESCRIPTION = "@RES:XML.MainMenu.EditMenu.FormatMenu.LdSpace2Tab.Description@" ACTIVE = "Buffer" EVENT = "ConvertLeadingSpacesToTabs" />
                </MENU>
                <MENU NAME = "-" />
                <MENU NAME = "@RES:XML.MainMenu.EditMenu.SelectAll@" DESCRIPTION = "@RES:XML.MainMenu.EditMenu.SelectAll.Description@" ACTIVE = "Buffer" SHORTCUT = "CtrlA" EVENT = "SelectAllAction" />
                <MENU NAME = "-" />
                <MENU NAME = "@RES:XML.MainMenu.EditMenu.WordCount@" DESCRIPTION = "@RES:XML.MainMenu.EditMenu.WordCount.Description@" ACTIVE = "Something" EVENT = "WordCount" />
        </MENU>
        
        <MENU NAME = "@RES:XML.MainMenu.ViewMenu@">
                <MENU NAME = "@RES:XML.MainMenu.Toolbars@">
                	<MENU NAME = "@RES:XML.MainMenu.Toolbars.Standard@" DESCRIPTION = "@RES:XML.MainMenu.Toolbars.Standard.Description@" EVENT = "ToggleToolbar" />
                </MENU>
                
                <MENU NAME = "@RES:XML.MainMenu.ViewMenu.ProjectScout@" DESCRIPTION = "@RES:XML.MainMenu.ViewMenu.ProjectScout.Description@" EVENT = "ToggleProjectExplorer" />
                <MENU NAME = "@RES:XML.MainMenu.ViewMenu.FileScout@" DESCRIPTION = "@RES:XML.MainMenu.ViewMenu.FileScout.Description@" EVENT = "ToggleFileBrowser" />
                <MENU NAME = "@RES:XML.MainMenu.ViewMenu.FileStrip@" DESCRIPTION = "@RES:XML.MainMenu.ViewMenu.FileStrip.Description@" EVENT = "ToggleOpenFileView" />
                <MENU NAME = "@RES:XML.MainMenu.ViewMenu.ErrorWindow@" DESCRIPTION = "@RES:XML.MainMenu.ViewMenu.ErrorWindow.Description@" EVENT = "ToggleOutputWindow" />
                <MENU NAME = "@RES:XML.MainMenu.ViewMenu.ToolBar@" DESCRIPTION = "@RES:XML.MainMenu.ViewMenu.ToolBar.Description@" EVENT = "ToggleSideBarView" />
                <MENU NAME = "-" />
                <MENU NAME = "@RES:XML.MainMenu.ViewMenu.FullScreen@" ICON = "FullScreen" DESCRIPTION = "@RES:XML.MainMenu.ViewMenu.FullScreen.Description@" EVENT = "ToggleFullscreen" />
        </MENU>
        
        <MENU NAME = "@RES:XML.MainMenu.SearchMenu@">
                <MENU NAME = "@RES:XML.MainMenu.SearchMenu.Find@" ICON = "FindIcon" DESCRIPTION = "@RES:XML.MainMenu.SearchMenu.Description@" ACTIVE = "Something" SHORTCUT = "CtrlF" EVENT = "Find"/>
                <MENU NAME = "@RES:XML.MainMenu.SearchMenu.Replace@" ICON = "ReplaceIcon" DESCRIPTION = "@RES:XML.MainMenu.SearchMenu.Replace.Description@" ACTIVE = "Something" SHORTCUT = "CtrlR" EVENT = "Replace"/>
                <MENU NAME = "@RES:XML.MainMenu.SearchMenu.FindNext@" ICON = "FindNextIcon" DESCRIPTION = "@RES:XML.MainMenu.SearchMenu.FindNext.Description@" ACTIVE = "Something" SHORTCUT = "F3" EVENT = "FindNext"/>
                <MENU NAME = "-" />
                <MENU NAME = "@RES:XML.MainMenu.SearchMenu.ToggleBookmark@" DESCRIPTION = "@RES:XML.MainMenu.SearchMenu.ToggleBookmark.Description@" ACTIVE = "Buffer" SHORTCUT = "CtrlF2" EVENT = "ToggleBookmark" />
                <MENU NAME = "@RES:XML.MainMenu.SearchMenu.PrevBookmark@" DESCRIPTION = "@RES:XML.MainMenu.SearchMenu.PrevBookmark.Description@" ACTIVE = "Buffer" SHORTCUT = "AltF2" EVENT = "PrevBookmark" />
                <MENU NAME = "@RES:XML.MainMenu.SearchMenu.NextBookmark@" DESCRIPTION = "@RES:XML.MainMenu.SearchMenu.NextBookmark.Description@" ACTIVE = "Buffer" SHORTCUT = "F2" EVENT = "NextBookmark" />
                <MENU NAME = "@RES:XML.MainMenu.SearchMenu.ClrBookmark@" DESCRIPTION = "@RES:XML.MainMenu.SearchMenu.ClrBookmark.Description@" ACTIVE = "Buffer" EVENT = "ClearBookmarks" />
                <MENU NAME = "-" />
                <MENU NAME = "@RES:XML.MainMenu.SearchMenu.GotoLineNr@" DESCRIPTION = "@RES:XML.MainMenu.SearchMenu.GotoLineNr.Description@" ACTIVE = "Buffer" SHORTCUT = "CtrlG" EVENT = "GotoLineNumber" />
                <MENU NAME = "-" />
                <MENU NAME = "@RES:XML.MainMenu.SearchMenu.GotoBrace@" DESCRIPTION = "@RES:XML.MainMenu.SearchMenu.GotoBrace.Description@" ACTIVE = "Buffer" SHORTCUT = "CtrlB" EVENT = "GotoMatchingBrace" />
        </MENU>
        
        <MENU NAME = "@RES:XML.MainMenu.ProjectMenu@">
                <MENU NAME = "@RES:XML.MainMenu.ProjectMenu.RunTests@" DESCRIPTION = "@RES:XML.MainMenu.ProjectMenu.RunTests.Description@" ACTIVE = "Project" EVENT = "RunTestsInProject"/>
                <MENU NAME = "@RES:XML.MainMenu.ProjectMenu.Deploy@" DESCRIPTION = "@RES:XML.MainMenu.ProjectMenu.Deploy.Description@" ACTIVE = "Project" EVENT = "DeployProject"/>
				<MENU NAME = "CVS">
			                <MENU NAME = "Checkout" DESCRIPTION = "Checkout CVS" EVENT = "CVSCheckOut"/>
					<MENU NAME = "-" />
					<MENU NAME = "Import" DESCRIPTION = "Import CVS" ACTIVE = "Project" EVENT = "CVSImport"/>
			                <MENU NAME = "Commit" DESCRIPTION = "Commit CVS" ACTIVE = "Project" EVENT = "CVSCommit"/>
				</MENU>
		        <MENU NAME = "-" />
		        <MENU NAME = "@RES:ProjectComponent.ContextMenu.ViewDocumentation@" DESCRIPTION = "" ACTIVE = "Project" EVENT = "ViewProjectDocumentation"/>
                <MENU NAME = "@RES:ProjectComponent.ContextMenu.GenerateDocumentation@" DESCRIPTION = "" ACTIVE = "Project" EVENT = "GenerateProjectDocumentation"/>
		        <MENU NAME = "-" />
                <MENU NAME = "@RES:XML.MainMenu.ProjectMenu.Options@" DESCRIPTION = "@RES:XML.MainMenu.ProjectMenu.Options.Description@" ACTIVE = "Project" EVENT = "ViewProjectOptions"/>
        </MENU>

        <MENU NAME = "@RES:XML.MainMenu.RunMenu@">
                <MENU NAME = "@RES:XML.MainMenu.RunMenu.Compile@" DESCRIPTION = "@RES:XML.MainMenu.RunMenu.Compile.Description@" ACTIVE = "Something" SHORTCUT = "F8" EVENT = "Compile"/>
                <MENU NAME = "@RES:XML.MainMenu.RunMenu.Run@" ICON = "RunProgramIcon" DESCRIPTION = "@RES:XML.MainMenu.RunMenu.Run.Description@" ACTIVE = "Something" SHORTCUT = "F5" EVENT = "Run" />
        </MENU>
                
        <MENU NAME = "@RES:XML.MainMenu.ToolMenu@" ATTRIBUTE = "ToolMenu">
                <MENU NAME = "-" />
                <MENU NAME = "@RES:XML.MainMenu.ToolMenu.InsColor@" ACTIVE = "Buffer" DESCRIPTION = "@RES:XML.MainMenu.ToolMenu.InsColor.Description@" EVENT = "ShowColorDialog" />
                <MENU NAME = "@RES:XML.MainMenu.ToolMenu.Options@" ICON = "Options" DESCRIPTION = "@RES:XML.MainMenu.ToolMenu.Options.Description@" EVENT = "ShowIDEOptions" />
        </MENU>
        
        <MENU NAME = "@RES:XML.MainMenu.PluginMenu@" ATTRIBUTE = "PluginMenu">
                <MENU NAME = "-" />
                <MENU NAME = "@RES:XML.MainMenu.PluginMenu.Manager@" DESCRIPTION = "@RES:XML.MainMenu.PluginMenu.Manager.Description@" EVENT = "ShowPlugInManager"/>
        </MENU>

        <MENU NAME = "@RES:XML.MainMenu.WindowMenu@">
                <MENU NAME = "@RES:XML.MainMenu.WindowMenu.NxtWindow@" ICON = "NextWindowIcon" DESCRIPTION = "@RES:XML.MainMenu.WindowMenu.NxtWindow.Description@" ACTIVE = "Window" SHORTCUT = "Ctrl+Tab" EVENT = "SelectNextWindow" />
                <MENU NAME = "@RES:XML.MainMenu.WindowMenu.PrvWindow@" ICON = "PrevWindowIcon" DESCRIPTION = "@RES:XML.MainMenu.WindowMenu.PrvWindow.Description@" ACTIVE = "Window" SHORTCUT = "Shift+Ctrl+Tab" EVENT = "SelectPrevWindow" />
                <MENU NAME = "-" />
                <MENU NAME = "@RES:XML.MainMenu.WindowMenu.TileH@" ICON = "TileHorizontalIcon" DESCRIPTION = "@RES:XML.MainMenu.WindowMenu.TileH.Description@" ACTIVE = "Window" EVENT = "WindowTileHorizontal" />
                <MENU NAME = "@RES:XML.MainMenu.WindowMenu.TileV@" ICON = "TileVerticalIcon" DESCRIPTION = "@RES:XML.MainMenu.WindowMenu.TileV.Description@" ACTIVE = "Window" EVENT = "WindowTileVertical" />
                <MENU NAME = "@RES:XML.MainMenu.WindowMenu.Cascade@" ICON = "CascadeWindowsIcon" DESCRIPTION = "@RES:XML.MainMenu.WindowMenu.Cascade.Description@" ACTIVE = "Window" EVENT = "WindowCascade" />
                <MENU NAME = "@RES:XML.MainMenu.WindowMenu.ArrangeIcons@" ICON = "ArrangeWindowsIcon" DESCRIPTION = "@RES:XML.MainMenu.WindowMenu.ArrangeIcons.Description@" ACTIVE = "Window" EVENT = "WindowArrangeIcons" />
                <MENU NAME = "@RES:XML.MainMenu.FileMenu.CloseAll@" ICON= "CloseAllDocuments" DESCRIPTION = "@RES:XML.MainMenu.FileMenu.CloseAll.Description@" ACTIVE = "Window"  EVENT = "CloseAll" />
        </MENU>
        
        <MENU NAME = "@RES:XML.MainMenu.HelpMenu@">
                <MENU NAME = "@RES:XML.MainMenu.HelpMenu.Topics@" ICON = "HelpIcon" DESCRIPTION = "@RES:XML.MainMenu.HelpMenu.Topics.Description@" SHORTCUT = "F1" EVENT = "CustomHelp" />
                <MENU NAME = "@RES:XML.MainMenu.HelpMenu.Tips@" ICON = "TipOfTheDay" DESCRIPTION = "@RES:XML.MainMenu.HelpMenu.Tips.Description@" EVENT = "ViewTipOfTheDay" />
                <MENU NAME = "-" />
                <MENU NAME = "@RES:XML.MainMenu.HelpMenu.GPL@" ICON = "CopyLeftIcon" DESCRIPTION = "@RES:XML.MainMenu.HelpMenu.GPL.Description@" EVENT = "ViewGPL" />
                <MENU NAME = "@RES:XML.MainMenu.HelpMenu.ReadMe@" ATTRIBUTE = "Link" DESCRIPTION = "@RES:XML.MainMenu.HelpMenu.ReadMe.Description@" EVENT = "home://..//doc//ReadMe.doc" />
                <MENU NAME = "-" />
                <MENU NAME = "@RES:XML.MainMenu.HelpMenu.WebMenu@">
                        <MENU NAME = "&amp;AlphaSierraPapa"   ATTRIBUTE = "WebLink" ICON = "WebSearchIcon" DESCRIPTION = "Visit my sponsors" EVENT = "http://www.alphasierrapapa.com/" />
                        <MENU NAME = "SharpDevelop">
                        	<MENU NAME = "Downloads" ATTRIBUTE = "WebLink" ICON = "WebSearchIcon" EVENT = "http://www.icsharpcode.net/opensource/sd/download/" />
                        	<MENU NAME = "Community Forums" ATTRIBUTE = "WebLink" ICON = "WebSearchIcon" EVENT = "http://www.icsharpcode.net/opensource/sd/forum/" />
                        	<MENU NAME = "Announcement List" ATTRIBUTE = "WebLink" ICON = "WebSearchIcon" EVENT = "http://www.icsharpcode.net/opensource/sd/announcementlist.asp" />
                        	<MENU NAME = "Send Us a Mail" ATTRIBUTE = "WebLink" ICON = "WebSearchIcon" EVENT = "http://www.icsharpcode.net/opensource/sd/ContactUs.asp" />
                        </MENU>
                        <MENU NAME = "C#">
                        	<MENU NAME = "cshrp.net" ATTRIBUTE = "WebLink" ICON = "WebSearchIcon" EVENT = "http://www.cshrp.net/" />
                        	<MENU NAME = "C# Help" ATTRIBUTE = "WebLink" ICON = "WebSearchIcon" EVENT = "http://www.csharphelp.com" />
                        	<MENU NAME = "C# Index to resources" ATTRIBUTE = "WebLink" ICON = "WebSearchIcon" EVENT = "http://www.csharpindex.com" />
                        	<MENU NAME = "C# Corner" ATTRIBUTE = "WebLink" ICON = "WebSearchIcon" EVENT = "http://www.c-sharpcorner.com" />
	                        <MENU NAME = "GotDotNet"     ATTRIBUTE = "WebLink" ICON = "WebSearchIcon" DESCRIPTION = "Visit one of the best NET sites on the web" EVENT = "http://www.gotdotnet.com/" />
                        </MENU>
                        <MENU NAME = "&amp;Mono Project"   ATTRIBUTE = "WebLink" ICON = "WebSearchIcon" DESCRIPTION = "An open .NET implementation effort, worth visiting" EVENT = "http://www.go-mono.com/" />
                        <MENU NAME = "Asp.Net"     ATTRIBUTE = "WebLink" ICON = "WebSearchIcon" EVENT = "http://www.asp.net/" />
                </MENU>
                <MENU NAME = "-" />
                <MENU NAME = "@RES:XML.MainMenu.HelpMenu.About@" ICON = "AboutIcon" DESCRIPTION = "@RES:XML.MainMenu.HelpMenu.About.Description@" EVENT = "AboutSharpDevelop" />
        </MENU>
        
</MAINMENU>
