<?xml version="1.0"?>
<OPTIONS VERSION="2.2">
  <PROPERTY>
    <SharpDevelop.Gui.Dialog.TipOfTheDayView.ShowTipsAtStartup>True</SharpDevelop.Gui.Dialog.TipOfTheDayView.ShowTipsAtStartup>
    <SharpDevelop.Action.MenuAction.OpenFile.FileFilter>C# files (*.cs)|*.cs|All|*.*</SharpDevelop.Action.MenuAction.OpenFile.FileFilter>
    <SharpDevelop.Gui.MainWindow.Standardtoolbar>True</SharpDevelop.Gui.MainWindow.Standardtoolbar>
    <IconMenuItem.IconMenuStyle>VSNet</IconMenuItem.IconMenuStyle>
  </PROPERTY>
  <SPECIAL>
    <INFO KEY="SharpDevelop.Gui.MainWindow.DockingWindows.OpenFileView" TYPE="SharpDevelop.Gui.Docking.DockState">
      <DockState Floating="False" Visible="True" DockedIn="TopContainer">273|68|300|300</DockState>
    </INFO>
    <INFO KEY="SharpDevelop.Gui.MainWindow.DockingWindows.CompilerMessageView" TYPE="SharpDevelop.Gui.Docking.DockState">
      <DockState Floating="False" Visible="False" DockedIn="BottomContainer">582|917|300|300</DockState>
    </INFO>
    <INFO KEY="SharpDevelop.Internal.Text.TextBuffer.BufferOptions" TYPE="SharpDevelop.Internal.Text.BufferOptions">
      <BufferOptions>
        <EnableFolding>True</EnableFolding>
        <EnableCodeCompletion>True</EnableCodeCompletion>
        <DoubleBuffer>True</DoubleBuffer>
        <ShowBracketHighlight>True</ShowBracketHighlight>
        <AutoInsertCurlyBracket>True</AutoInsertCurlyBracket>
        <AutoInsertTemplates>True</AutoInsertTemplates>
        <DefaultFont>[Font: Name=Courier New, Size=10, Units=3, GdiCharSet=1, GdiVerticalFont=False]</DefaultFont>
        <ShowErrors>True</ShowErrors>
        <UseAntiAliasFont>False</UseAntiAliasFont>
        <ShowVRuler>False</ShowVRuler>
        <LineViewerStyle>None</LineViewerStyle>
        <CursorBehindEOL>False</CursorBehindEOL>
        <HideMouseCursor>False</HideMouseCursor>
        <TabsToSpaces>False</TabsToSpaces>
        <MouseWheelScrollDown>True</MouseWheelScrollDown>
        <IndentationSize>4</IndentationSize>
        <TabIndent>4</TabIndent>
        <HRulerRow>80</HRulerRow>
        <ShowHRuler>False</ShowHRuler>
        <IndentStyle>Smart</IndentStyle>
        <ShowSpaces>False</ShowSpaces>
        <ShowTabs>False</ShowTabs>
        <ShowEOLMarkers>False</ShowEOLMarkers>
        <ShowInvalidLines>True</ShowInvalidLines>
        <ShowLineNumbers>True</ShowLineNumbers>
      </BufferOptions>
    </INFO>
    <INFO KEY="SharpDevelop.Gui.MainWindow.DockingWindows.Toolbar" TYPE="SharpDevelop.Gui.Docking.DockState">
      <DockState Floating="False" Visible="True" DockedIn="LeftContainer">10|304|300|300</DockState>
    </INFO>
    <INFO KEY="SharpDevelop.Gui.MainWindow.DockingWindows.CompilerResultView" TYPE="SharpDevelop.Gui.Docking.DockState">
      <DockState Floating="False" Visible="False" DockedIn="BottomContainer">420|967|300|300</DockState>
    </INFO>
    <INFO KEY="SharpDevelop.Gui.MainWindow.DockingWindows.DockManager" TYPE="SharpDevelop.Gui.Docking.DockManagerState">
      <DockManagerState>
        <LeftBounds>0|25|239|308</LeftBounds>
        <RightBounds>1117|25|163|913</RightBounds>
        <TopBounds>242|25|437|25</TopBounds>
        <BottomBounds>242|788|1038|150</BottomBounds>
      </DockManagerState>
    </INFO>
    <INFO KEY="SharpDevelop.Gui.MainWindow.DockingWindows.FileBrowser" TYPE="SharpDevelop.Gui.Docking.DockState">
      <DockState Floating="False" Visible="True" DockedIn="LeftContainer">10|304|300|300</DockState>
    </INFO>
    <INFO KEY="SharpDevelop.Gui.MainWindow.DockingWindows.ProjectBrowser" TYPE="SharpDevelop.Gui.Docking.DockState">
      <DockState Floating="False" Visible="True" DockedIn="LeftContainer">14|131|300|300</DockState>
    </INFO>
    <INFO KEY="SharpDevelop.Gui.MainWindow.RecentOpen" TYPE="SharpDevelop.Gui.RecentOpen">
      <RECENT>
        <FILES />
        <PROJECTS />
      </RECENT>
    </INFO>
    <INFO KEY="SharpDevelop.Gui.MainWindow.WindowState" TYPE="SharpDevelop.Gui.MainWindowState">
      <WINDOWSTATE FULLSCREEN="False" STATE="Normal">-2|-4|687|399</WINDOWSTATE>
    </INFO>
    <INFO KEY="SharpDevelop.Gui.MainWindow.DockingWindows.TextLib" TYPE="SharpDevelop.Gui.Docking.DockState">
      <DockState Floating="False" Visible="False" DockedIn="RightContainer">44|44|300|300</DockState>
    </INFO>
    <INFO KEY="SharpDevelop.Gui.MainWindow.DockingWindows.ToolBar" TYPE="SharpDevelop.Gui.Docking.DockState">
      <DockState Floating="False" Visible="True" DockedIn="LeftContainer">10|304|300|300</DockState>
    </INFO>
  </SPECIAL>
</OPTIONS>