<TOOLS VERSION="1">
  <TOOL>
    <INITIALDIRECTORY>
    </INITIALDIRECTORY>
    <ARGUMENTS>
    </ARGUMENTS>
    <COMMAND>ILDasm.EXE</COMMAND>
    <MENUCOMMAND>IL &amp;Dasm</MENUCOMMAND>
    <PROMPTFORARGUMENTS>False</PROMPTFORARGUMENTS>
  </TOOL>
  <TOOL>
    <INITIALDIRECTORY>
    </INITIALDIRECTORY>
    <ARGUMENTS>
    </ARGUMENTS>
    <COMMAND>WinCV.exe</COMMAND>
    <MENUCOMMAND>&amp;WinCV</MENUCOMMAND>
    <PROMPTFORARGUMENTS>False</PROMPTFORARGUMENTS>
  </TOOL>
</TOOLS>