﻿<?xml version="1.0"?>
<ModuleDefinition>
	<Module Name="XMLDisplayModule" Version="1.0">
		<Language>XML</Language>
		<Extensions>.xml</Extensions>
		<Author>Mike Krueger</Author>
		<Copyright>GPL</Copyright>
		<Url>http://www.icsharpcode.net/OpenSource/SD</Url>
		<Description>This module enables SharpDevelop to view XML files.</Description>
		<FileFilter>XML files|*.xml</FileFilter>
	</Module>
	
	<DisplayModule  Assembly="xmldefinition.dll" Class="DisplayInformation"/>
	
	<Icons>
		<FileIcon    Location="XmlFileIcon.png" Extension=".xml"/>
	</Icons>
	
</ModuleDefinition>